Course Code,Title (TH),Title (EN),Created At
TKU00896,นวัตกรรมและการประยุกต์ใช้ AI,AI Intelligent Innovation and Application,2025
ICCS00895,วิกฤตพลังงานและภาวะโลกร้อน,Energy Crisis and Global Warming,2025
ICCS00894,"การฟื้นฟูแบตเตอรี่เก่า ",Reviving old batteries,2025
ICCS00893,การติดตั้งและบำรุงรักษาระบบเซลล์แสงอาทิตย์,Installation and maintenance of photovoltaic systems,2025
TMU00892,ปัญญาประดิษฐ์สำหรับการวิเคราะห์ข้อมูลจีโนมทางชีวสารสนเทศศาสตร์,AI for Genomic Data Analysis in Bioinformatics,2025
CJCU00891,เล่นกับการคิดเชิงตรรกะ ฝึกฝนพลังอิทธิพลในการตัดสินใจของคุณ,"Logical thinking, Decision-making and Influence",2025
ICCS00889,จุดประกายความคิดทางธุรกิจ,Start - up Inspiration,2025
TMU00888,ปัญญาประดิษฐ์ในชีวสารสนเทศ,Artificial Intelligence in Bioinformatics,2025
NKUHT00886,เฮลท์ตี้ เบกกิ้ง,Healthy Baking,2025
SRU00885,รู้สื่อ รู้สิทธิ ป้องกันการทำผิดทางดิจิทัล,"Media Literacy, Digital Citizenship, Prevention of Digital Literacy Mistakes",2025
ICCS00884,ภาษาอังกฤษในบริบทสากล,English in Global Context,2025
NITIVAJRA00882,ความรู้เกี่ยวกับการจัดซื้อจัดจ้างและการบริหารพัสดุภาครัฐ,Knowledge of Public Procurement and Supplies Administration,2025
PI00876,การเปลี่ยนแปลงทางสรีรวิทยาและจิตสังคมในระยะตั้งครรภ์ ระยะคลอด และ ระยะหลังคลอดปกติ,Physiological and Psychological Changes during Pregnancy,2025
NSO00875,การสื่อสารข้อมูลสถิติและการใช้เครื่องมือ BI สำหรับบุคลากรภาครัฐ,Communicating Statistical Data and Using BI Tools for Government Officials,2025
NSO00874,หลักการวิเคราะห์ข้อมูลสถิติและการประยุกต์ใช้ Machine Learning สำหรับบุคลากรภาครัฐ,Fundamentals of Statistical Data Analysis and Applied Machine Learning for Government Officials,2025
NSO00873,การจัดการข้อมูลอย่างปลอดภัย และการปฏิบัติงานด้านสถิติตามหลักจรรยาบรรณสำหรับบุคลากรภาครัฐ,Secure Data Management and Ethical Statistical Practices for Government Officials,2025
NSO00872,หลักสถิติพื้นฐานและการประมวลผลข้อมูลสำหรับบุคลากรภาครัฐ,Fundamentals of Statistics and Data Processing for Government Officials,2025
CU00870,ปลดล็อกพลัง AI ด้วยการเขียนโปรแกรมไพทอน (Python) สำหรับผู้เริ่มต้น,Unlocking the Power of AI with Python Programming for Beginners,2025
CU00869,STEM x BCG: กิจกรรมสะเต็มศึกษาเพื่อการพัฒนาที่ยั่งยืน,STEM x BCG: Shaping Innovators for a Sustainable World,2025
CU00868,อาชญากรรมทางเทคโนโลยีเบื้องต้น,Cyber Crime,2025
SRU00867,ฉลาดรู้ อยู่สบาย สไตล์ดิจิทัล,Intelligence Learning for Well-being in Digital Life Styles,2025
SRU00866,การเล่นเพื่อส่งเสริมพัฒนาการเด็กปฐมวัย,Enhancing early childhood’s development through play,2025
DOPAH00865,การส่งเสริมกิจกรรมทางกายสูงดี สมส่วน,Promoting Physical Activity for Optimal Growth,2025
NITIVAJRA00864,ความรู้เกี่ยวกับการดำเนินคดีปกครอง,Knowledge of administrative litigation,2025
CU00863,การออกแบบระบบเพื่อการจัดการความเสี่ยงจากภัยพิบัติ,System Design for Disaster Risk Management,2025
UMOOCs00862,สื่อมวลชนและการรู้เท่าทันสื่อ,Mass Media and Media Literacy,2025
CU00861,การคิดเชิงออกแบบเพื่อการจัดการความเสี่ยงจากภัยพิบัติ,Design Thinking for Disaster Risk Management,2025
UMOOCs00860,การพูดและการสื่อสาร,Speeches and Communication,2025
MICROSOFT00859,เสริมความปลอดภัยให้ Pipeline ด้วย Azure DevOps,Enhance Pipeline Security with Azure DevOps,2025
MICROSOFT00858,เรียนรู้การใช้ Cloud-native ด้วย Azure Container Apps,Cloud-native with Azure Container Apps,2025
MICROSOFT00857,การใช้งาน GitHub Copilot และเทคนิค Prompt Engineering,Prompt Engineering with GitHub Copilot,2025
MICROSOFT00856,ก้าวสู่การเป็น AI Developer ใน Azure AI,Azure AI: Zero to Hero,2025
MICROSOFT00855,Power BI สำหรับผู้เริ่มต้น,Power BI for Beginners,2025
MICROSOFT00854,หลักสูตร Microsoft 365 Copilot พร้อมกรณีการใช้งาน,Microsoft 365 Copilot with Use Cases,2025
MICROSOFT00853,หลักสูตรทักษะด้านเอไอ (AI) สำหรับทุกคน,AI Skills for Everyone,2025
MICROSOFT00852,หลักสูตรทักษะด้านเอไอ (AI) สำหรับพนักงานในองค์กรธุรกิจ,AI Skills for Business Professionals,2025
courses143,องค์ประกอบด้านความปลอดภัยของห้องปฏิบัติการ ที่เกี่ยวกับสารเคมี,null,2025
courses141,กฎหมายที่เกี่ยวข้องกับความปลอดภัยในห้องปฏิบัติการวิจัยและการประเมินความเสี่ยง,null,2025
courses140,ความรู้พื้นฐานและแนวปฏิบัติเพื่อความปลอดภัยในห้องปฏิบัติการวิจัย,null,2025
courses138,ความปลอดภัยทางชีวภาพและการรักษาความปลอดภัย ทางชีวภาพ พื้นฐาน,null,2025
courses137,การดูแลและการใช้สัตว์เพื่องานทางวิทยาศาสตร์,null,2025
courses80,วัฒนธรรมสเปนกับการท่องเที่ยว,Spanish Culture and Tourism,2025
courses88,การเข้ารหัสประยุกต์,Applied Coding,2025
courses106,การใช้ Microsoft Excel สำหรับการทำงานสำนักงาน,null,2025
courses69,ผลิตภัณฑ์อาหารโปรตีนทางเลือก,Alternative Protein Foods,2025
courses77,อาหารเพื่อสุขภาพและความยั่งยืน,Healthy and Sustainable Food,2025
courses71,ระบบไหลเวียนโลหิต,Circulatory System,2025
courses95,ความรู้เบื้องต้นเกี่ยวกับการช่วยฟื้นคืนชีพ,Basic Life Support,2025
courses96,การประเมินสัญญาณชีพ,Vital Signs,2025
courses98,การทำแผล,Wound Dressing,2020
courses76,การพัฒนางานโดยมุมมองของวิศวกรอุตสาหการ,Work Improvement by Industrial Engineer's Perspectives,2025
courses75,ภาษาไทยเบื้องต้นสำหรับชาวต่างประเทศ : 3-Day in Bangkok,3 Day in Bangkok,2025
courses100,ภาษามือเบื้องต้น,null,2025
courses102,ความรู้เบื้องต้นเกี่ยวกับวัฒนธรรมจีนกับการท่องเที่ยว,null,2025
courses103,ครูอาชีวะ กับ ทักษะศตวรรษ 21,Innotvet Project by Digitech EDKU 53,2025
courses3,การเพาะเลี้ยงเนื้อเยื่อพืชไม้โตเร็ว,null,2025
courses70,การประเมินคุณภาพเมล็ดพันธุ์พืชไร่,Evaluation of Field Crop Seed Quality,2025
courses74,การใช้งานเลื่อยโซ่ยนต์ขั้นพื้นฐาน,Basic Knowledge of Chainsaw Using,2025
OEC00851,การจัดการเรียนรู้ฐานสมรรถนะ,null,2025
courses84,เศรษฐศาสตร์การจัดการมลพิษและของเสีย,Economics of Pollution and Waste Management,2025
courses104,การปลูกเลี้ยงและดูแลแคคตัส,null,2025
courses72,หลักการพื้นฐานของคุณธรรม,null,2025
courses1,การเขียนโครงการเพื่อตอบสนองแผนกลยุทธ์องค์กร,null,2025
PSU00850,การพยาบาลสุขภาพจิตและจิตเวชศาสตร์,Mental Health and Psychiatric Nursing,2025
PSU00849,หัวใจแห่งการผดุงครรภ์,null,2025
PSU00848,การพยาบาลผู้ใหญ่,null,2025
CMU00847,ท้องถิ่นไทยยุคใหม่ ก้าวไกลด้วย Soft Power,null,2025
CMU00846,ปลุกพลังฝัน สร้างสรรค์อาชีพ,null,2025
CMU00845,สานพลังชุมชน สู่การพัฒนาอย่างยั่งยืน,Stronger Together: The Power of Community,2025
CMU00844,ชุมชนสุขภาพดี ชีวิตมีสุข,Better Living and Eating well,2025
CMU00843,เก่ง ดี มีสุขในชุมชน ด้วยทักษะชีวิต,null,2025
FGU00842,จิตวิทยา ตามแนวพุทธเพื่อการเยียวยาจิตใจ,null,2025
PSU00841,การพยาบาลเด็ก,Pediatric Nursing,2025
PSU00840,การพยาบาลสุขภาพสตรีและทารกแรกเกิด,Women’s Health and Newborn Nursing,2025
PSU00839,การพยาบาลอนามัยชุมชนและการดูแลรักษาโรคเบื้องต้น,Community Health Nursing and Primary Medical Care,2025
PSU00838,การพยาบาลปัจฉิมวัย,Geriatric Care,2025
PSU00837,กฎหมายและจริยธรรมสำหรับพยาบาล,Law and Ethics for Nurses,2025
SRU00836,ฉลาดคิด ฉลาดใช้ เข้าใจดิจิทัล,"Smart Thinking, Smart Usage, Digital Literacy",2025
MHESI00835,คณาจารย์นิเทศ และผู้นิเทศงาน CWIE,Academic Supervisor and Job Mentor in CWIE,2025
PI00834,ปัญหาและการจัดการสุขภาพช่องปากในผู้สูงอายุ,Oral Health Problems and Management in the Elderly,2025
ICCS00833,ภาษาไทยเพื่อการพัฒนาปัญญา (หลักสูตรปรับปรุง 2565),Thai for Intellectual Development (Revised Curriculum B.E. 2565 (2022)),2025
STOU00832,ทักษะการเอาตัวรอดเมื่อหลงป่า,Survival Skill: Lost in the Jungle,2025
STOU00831,มวยไทยอาชีพ,Professional Muay Thai Coaching Skills,2025
STOU00830,มวยไทยแบบทหาร,Military Muay Thai,2025
MICROSOFT00829,Microsoft AI Skills For All (ออนไลน์),Microsoft AI Skills For All (Online),2025
MICROSOFT00828,หลักสูตรทักษะเอไอระดับพื้นฐาน (ออนไลน์),AI Basics (Online),2025
MU00334,การจัดการการเปลี่ยนแปลงมิติด้านการบริหารและการจัดการภาครัฐ,Change Management: Dimensions of Public Administration and Public Management,2020
OEC00827,การจัดการเรียนรู้เพื่อพัฒนาผู้เรียนตามมาตรฐานการศึกษาของชาติ,Learning Management for developing learners according to the National Education Standard,2025
SKCC00826,ผ้ามัดย้อมและผ้าพิมพ์ลายใบไม้สีธรรมชาติ,Natural dyed tie-dye and botanical printed fabrics,2025
TAT00824,พลิกโฉมธุรกิจท่องเที่ยวด้วยเทคโนโลยีดิจิทัล,Transforming Tourism Business with Digital Technology,2024
TAT00823,การพัฒนาธุรกิจท่องเที่ยวสู่ความเป็นเลิศและยั่งยืน,Developing Tourism Business Toward Excellencies and Sustainability,2024
NITIVAJRA00822,ความรู้เกี่ยวกับการดำเนินคดีป่าไม้ คดีทรัพยากรธรรมชาติและสิ่งแวดล้อม,"Knowledge of the prosecution of Forestry, Natural Resource and Environmental Cases",2024
NITIVAJRA00821,ความรู้เกี่ยวกับการดำเนินคดีอาชญากรรมทางเทคโนโลยี,Knowledge of the prosecution of cybercrime,2024
SKCC00820,ภาษาอังกฤษเพื่อการสื่อสารสากล,English for global communication,2024
NITIVAJRA00819,ความรู้เกี่ยวกับการคุ้มครองเด็กในกระบวนการยุติธรรมทางอาญา,Knowledge of child protection in the criminal justice system,2024
da3b77fa-dfb4-4033-bee6-f9739b65b403,งานยุคใหม่ของผู้สูงวัย และแรงบันดาลใจธุรกิจบริการ,null,2024
91dbd614-92f0-4a3e-ba2e-fe9004116aba,งานยุคใหม่ของผู้สูงวัย และแรงบันดาลใจธุรกิจผลิตภัณฑ์สินค้า,null,2024
PSU00815,ภาษาเกาหลี 1-2 ,Korean 1-2,2020
PSU00814,ภาษาเกาหลี 1-1 ,Korean 1-1,2020
SRU00811,หลักและวิธีการทำขนมปัง,Principles and methods of making bread,2024
CMU00075,ระบบเครือข่ายคอมพิวเตอร์ขั้นพื้นฐาน,Network Literacy,2020
NPRU00809,การสนทนาภาษาจีนเพื่อการทำงาน,Chinese Conversation at Work,2024
RpYf,ลงทุนพอเพียง มั่งคั่งยั่งยืน,null,2024
csZF,การเงินพอเพียง การเงินมั่นคง,null,2024
X9GJ,ชีวิตสมดุล ชีวิตพอเพียง,null,2024
bFaz,ครบเครื่องเรื่องลงทุน ตอน มือใหม่กับ 5 Steps ลงทุน,null,2024
rGEr,ครบเครื่องเรื่องลงทุน ตอน อยากลงทุน ต้องรู้จักผลตอบแทนและความเสี่ยง,null,2024
1dT8,ครบเครื่องเรื่องลงทุน ตอน รอบรู้ผลิตภัณฑ์ลงทุน,null,2024
85gC,วางแผนภาษี สไตล์ Multi-Jobbers & Freelancers,null,2024
ZCyu,วางแผนการเงิน สไตล์ Multi-Jobbers & Freelancers,null,2024
naHF,วัย 60+ บริหารเงินหลังเกษียณ สไตล์วัยเก๋า,null,2024
rnQA,วัย 50+ เตรียมชีวิตมั่งคั่ง…รับวันเกษียณ,null,2024
yJhz,วัย 40+ สร้างชีวิตมั่นคง…ลงทุนมั่งคั่ง,null,2024
7afy,วัย 20+ เริ่มต้นดี…ชีวิตไม่มีติดลบ,null,2024
jQfecWQrWFVgLJS1A,รู้จักธุรกิจสตาร์ทอัพ,Startup Business,2024
mKFmusocmpXygAX99,แนวคิดของผู้ประกอบ,Entrepreneurial Mindset,2024
kKzmuKrWXN9Gs7sG9,การตลาดดิจิทัล,Digital Marketing,2024
1DADJEwJtbrZVn5z7,กระบวนการคิดเชิงออกแบบเพื่อพัฒนานวัตกรรม,Design Thinking,2024
SUn9pAzL2VJq3KZ19,ห้องเรียนกองทุนรวม The Series,null,2024
m9uuDYihsGeTtUpo8,พฤติกรรมทำไม? 5 นิสัยการเงินเจ้าปัญหา และเทคนิคในการจัดการ,null,2024
cbxAdzV14AkASPj6A,เข้าใจการใช้จ่ายในยุคดิจิทัล,Digital Financial Literacy,2024
q87QpQpxZ9Cy2hC18,รู้ทันภัยทางการเงิน ตั้งสติไว้ไม่โดนหลอก,null,2024
yGRvoGjaWJ4hEVNi7,การเงินส่วนบุคคล รู้ก่อน ทำก่อน รวยกว่า : การวางแผนการเงิน,null,2024
PfdKnZNcLSehcYh1A,ชีวิตดี๊ดี…เลือกใช้บัตรเครดิตอย่างฉลาด,null,2024
h2bJKWDUUfoc9RAWA,เคล็ดลับออมเงิน ฉบับคนเริ่มทำงาน,null,2024
n59VnnWZG8qJr7a7A,เรื่องต้องรู้ เตรียมตัวให้พร้อมก่อนเริ่มทำงาน,null,2024
XQaEcpHu7UB479t9A,มนุษย์เงินเดือนหรือเจ้าของกิจการ แบบไหนคือทางของเรา,null,2024
jnPwk7Cjpkrfg2sh9,อาชีพยุคใหม่ ทำอะไรแล้วปัง,null,2024
TLU68YFPVR1guby47,วางแผนลงทุนสม่ำเสมอด้วยหุ้นและกองทุน,null,2024
hT9bTUB1t9cT846u9,วางแผนเกษียณ สไตล์มนุษย์เงินเดือน,null,2024
ZkNNk2avb5gXbBML9,หมดหนี้มีออม,null,2024
HvFKdMPdfCMRGEhu7,วางแผนลดหนี้มีออม สำหรับบัณฑิตยุคใหม่,null,2024
tqVgd7cpybzxhHD6A,วางแผนสร้างเงินออมเพื่ออนาคต,null,2024
4Fah4V4N83kgp56b9,คัมภีร์ 4 รู้ วางแผนดีชีวิตมั่งคง,null,2024
xLFoBKWKJ5CHFvup6,เตรียมความพร้อม สู่ทางเลือกอาชีพในฝัน,null,2024
woDQ9uFamGKA3XhT9,ชีวิตดี เริ่มต้นที่การวางแผน,null,2024
SRU00813,การแปรรูปผลิตภัณฑ์โกโก้และช็อกโกแลตสู่ความยั่งยืนของท้องถิ่น,Cacao and Chocolate Processing for Sustainability Community,2024
DLPW00812,กฎหมายคุ้มครองแรงงานพื้นฐานที่ควรรู้,Labour Law: “Basic labour laws you should know”,2024
STOU00811,การพัฒนาบุคลิกภาพและการพูดเพื่อสร้าง Personal Branding,Personality and Speaking Skills for Personal Branding,2024
STOU00810,เทคนิคการเป็น Influencer อย่างมืออาชีพ,Technique to Professional Influencer,2024
STOU00809,เส้นทางสู่ Influencer,Success to Influencer,2024
SRU00808,ภาษาอังกฤษเพื่อวิชาชีพครู,English for Teacher Profession,2024
NPRU00805,การถ่ายภาพเพื่อการสื่อสาร,Photography for Communication,2024
SPU00594,สุดยอดแนวคิดธุรกิจยุคดิจิทัล,The Ultimate Business Concepts in Digital Era,2020
SRU00602,การเลี้ยงลูกด้วยนมแม่ในยุควิถีใหม่,Breastfeeding in new normal,2024
URU00806,เศรษฐกิจดิจิทัล,Digital Economy,2024
URU00807,การวิเคราะห์โครงการและแผนงานในยุคเศรษฐกิจดิจิทัล,Project and Program Analysis in Digital Economy,2024
SPU00588,โลจิสติกส์และโซ่อุปทานเบื้องต้น,Introduction to Principles of Logistics and Supply Chain Management,2020
SPU00590,การเตรียมพร้อมเพื่ออาชีพการขนส่งสินค้าทางถนน,Career Preparation for Road Freight Transport (Professional Qualification in Logistics),2020
CU00804,การเขียนบทความวิจัยและบทความวิชาการทางสังคมศาสตร์,Social sciences research papers and academic articles writing,2024
SRU00605,เทคนิคพื้นฐานทางจุลชีววิทยา,Basic Techniques in Microbiology,2024
TAT00718,ทักษะการออกแบบที่สำคัญสำหรับผู้ประกอบการท่องเที่ยว,Essential Design Skills for Travel Industry Professionals,2023
TAT00717,ผู้ประกอบการท่องเที่ยวในยุคดิจิทัล,Travel Industry Professionals in the Digital Age,2023
YRU00797,ภาษามลายูสำหรับนักเดินทาง,Malay Language for Travelers,2021
YRU00796,ภาษามลายูเพื่อการสื่อสาร,Malay for Communication,2021
XUETANGX00795,วิศวกรรมน้ำและบำบัดน้ำเสีย: เทคโนโลยีชีวเคมี,Water and Wastewater Treatment Engineering: Biochemical Technology,2022
XUETANGX00794,"ภาษาจีนกลางเพื่อเริ่มสนทนากับ 1,300 ล้านคน",Tsinghua Chinese: Start Talking with 1.3 Billion People,2021
XUETANGX00793,สำรวจแนวคิดหลักของจิตวิทยา,Exploring Psychology's Core Concepts,2021
XUETANGX00792,โลกทัศน์ใหม่ในปรัชญาจีน,New Horizons in Chinese Philosophy,2021
WU00789,จิตวิทยาในการทำงานสาธารณสุข,Work Psychology in Public Health,2022
WU00788,การเพิ่มประสิทธิภาพการทำงานด้วยปัญญาประดิษฐ์,Work Performance Enhancement with AI,2021
WU00787,การคิดสร้างสรรค์เพื่อการพัฒนาตนเอง,Creative Thinking for Personal Development,2022
WU00786,จริยธรรมสารสนเทศสำหรับพลเมืองดิจิทัล,Information Ethics for Digital Citizenship,2022
WU00785,สหกิจศึกษากับการพัฒนาทักษะการทำงานในศตวรรษที่ 21,Cooperative Education and Working Skill Development in 21st Century,2021
WU00784,การนอนหลับกับสุขภาพดี,Healthy Sleep for Healthy Life,2022
WU00783,อาชีวอนามัยและความปลอดภัย,Occupational Health and Safety,2022
WU00782,อนามัยสิ่งแวดล้อมพื้นฐาน,Introduction to Environmental Health,2021
WU00781,การสาธารณสุขพื้นฐาน,Introduction to Public Health,2021
WU00777,เทคโนโลยีสารสนเทศในยุคดิจิทัล,Information Technology in Digital Era,2020
WU00774,ภาษาไทยเพื่อการสื่อสารร่วมสมัย,Thai for Contemporary Communication,2020
WU00773,บริการสารสนเทศสำหรับองค์กรดิจิทัล,Information Services for Digital Organization,2020
WU00772,เมทาดาทาสำหรับการจัดระบบสารสนเทศดิจิทัล,Metadata for Organizing Digital Information,2020
WU00771,กฎหมายอาญาและกฎหมายแพ่งและพาณิชย์สำหรับผู้บริการสุขภาพ,Criminal Law and Civil and Commercial Law for Healthcare Workers,2020
WU00770,การสืบค้นข้อมูลเพื่อการค้นคว้าและเขียนรายงาน,Searching information for research report,2020
WU00769,การแสวงหาความรู้สำหรับผู้เรียนในศตวรรษที่ 21,Knowledge Inquiry for development the 21st Century Skills,2020
WU00768,อินเทอร์เน็ตของสรรพสิ่ง : จากแนวคิดไปสู่ผลิตภัณฑ์,Internet of Things : from idea to product,2020
WU00767,เครื่องมือออนไลน์เพื่อการเรียนรู้ในศตวรรษที่ 21,Online Tools for 21st Century Learning,2020
WU00766,อาหารไทยเพื่อสุขภาพและการชะลอวัย,Thai Food for Health and Anti-Aging,2020
WU00765,การเตรียมสหกิจศึกษา,Pre Cooperative Education,2019
WU00764,จิตวิทยาพัฒนาการวัยรุ่น,Developmental Psychology in Adolescent,2020
WU00763,จิตวิทยาพัฒนาการวัยสูงอายุ,Developmental Psychology in Elderly,2020
WU00762,ความคิดสร้างสรรค์และนวัตกรรม,Creative Thinking and Innovations,2020
WU00761,เทคโนโลยีสารสนเทศสำหรับปัจจุบันและอนาคต,IT for the Present and Beyond,2020
UTCC00760,หลักการบัญชี,Principles of Accounting,2021
UTCC00759,การวางแผนและออกแบบการขนส่ง,Transportation Planning and Design,2021
URU00048,การเป็นผู้ประกอบการในศตวรรษที่ 21,Entrepreneurship in 21 st-Century,2020
URU00050,ปรัชญาเศรษฐกิจพอเพียง,Philosophy of Sufficiency Economy,2020
URU00049,เศรษฐศาสตร์เพื่อการดำเนินชีวิตอย่างมีความสุข,Economics for happy living,2020
UP00755,การสื่อสารในสังคมดิจิทัล,Communication in Digital Societ,2021
UP00754,การใช้ภาษาไทย,Using of Thai Language,2021
UP00753,ภาษาอังกฤษเตรียมพร้อม,Ready English,2020
UP00752,ภาษาอังกฤษสู่โลกกว้าง,Explorative English,2020
TU00014,การแก้ไขปัญหาด้วยการใช้ความคิดสร้างสรรค์,Creative Problem-solving,2021
TU00028,การจัดการตนเองสู่ประสิทธิภาพอย่างมืออาชีพ,Self-Management for professional productivity,2021
TU00013,การตัดสินใจโดยการขับเคลื่อนด้วยข้อมูล,Data - Driven Decision Making,2021
TU00012,ความหลากหลายในสถานที่ทำงาน,Diversity at workplace,2021
TU00011,ความเป็นพลเมืองโลก,Global Citizenship,2021
TSU00746,วัฒนธรรม วิถีชีวิต ประเพณีและความเชื่อในภาคใต้,Culture tradition and believe in Southern of Thailand,2020
TSU00745,ศิลปะ หัตกรรม และการละเล่นพื้นบ้านภาคใต้,Arts handicrafts and Southern folk play,2020
TSU00744,ทักษิณศึกษา,Southern Thai studies (Local wisdom of the South Thailand,2020
TKU00743,สำรวจการกำกับดูแลกิจการของบริษัท,Exploring Corporate Governance,2024
TKU00742,ความรู้ความสามารถและความคิดของ AI,Thinking and Literacy of Artificial Intelligence,2023
TKU00741,เศรษฐกิจหมุนเวียน,Circular Economy,2023
THAIPBS00736,งานสื่อสารสาธารณะเพื่อหาทางออกของสังคม,Solutions & Civic Journalism,2022
THAIPBS00735,การทำสารคดีในแบบสื่อสาธารณะ,Making Documentary for Public Media,2022
THAIPBS00734,จริยธรรมและวิชาชีพสื่อมวลชน,Ethic and Mass Media Profession,2021
THAIPBS00733,สื่อพลเมือง,Citizen Media,2021
THAIPBS00732,เทคนิคการถ่ายภาพในแบบสื่อสาธารณะ,Shooting techniques for Public Media,2021
THAIMOOC00731,SPU005-EN : เทคโนโลยีเสริมการสอน ในยุค Digital,Technology Enhanced Learning for Digital Era,2021
THAIMOOC00730,CU023-KR : 데이터 과학과 그 응용,Data Science Essential and Applications,2021
THAIMOOC00729,MFU001-KR : 특수 목적 관광,Special Interest Tourism,2021
THAIMOOC00728,CMU030-KR : 문화관광경영,Cultural Management for Tourism,2021
THAIMOOC00727,CMU030-EN : การจัดการวัฒนธรรมเพื่อการท่องเที่ยว,Cultural Management for Tourism,2021
THAIMOOC00726,CMU014-KR : 란나 음식,Northern Thai Food,2021
THAIMOOC00725,CMU014-EN : อาหารล้านนา,Northern Thai Food (English Caption),2021
THAIMOOC00724,การสร้างและการจัดการรายวิชา Thai MOOC,Creating and Managing a course for Thai MOOC,2023
THAIMOOC00723,การผลิตวิดีทัศน์สำหรับรายวิชา Thai MOOC,Video Production for Thai MOOC,2023
THAIMOOC00722,การออกแบบรายวิชา Thai MOOC,Instructional Design for Thai MOOC,2023
TBJA00719,ทักษะนักข่าวในยุคดิจิทัล,Journalists' survival guide in Digital age,2022
TAT00716,การตลาดท่องเที่ยวอย่างรับผิดชอบ,Responsible Tourism Marketing,2023
SWU00715,การออกแบบกราฟิกเพื่อการเรียนการสอน,Instructional Graphic Design,2022
SWU00714,การใช้เทคโนโลยีเพื่อส่งเสริมการเรียนรู้,Using Technology to Enhance Learning,2022
SWU00713,ระบบสมองกลฝังตัวและเทคโนโลยีอินเทอร์เน็ตของสรรพสิ่ง,Embedded System and Internet of Things Technology,2021
SWU00712,วิทยาการข้อมูล,Data Science,2020
SWU00711,จิตวิทยาข้ามวัฒนธรรมในที่ทำงาน,Cross-cultural psychology at work,2020
SWU00710,สร้างแบรนด์ดีด้วย R.I.C.H.,Building Good Brand with R.I.C.H.,2020
SWU00709,การออกแบบ Infographic,Infographic Design,2020
SWU00708,การใช้เทคโนโลยีเพื่อการพัฒนางานวิจัย,Use of technology for research development,2020
SWU00707,การสร้างคลังสื่อการเรียนรู้ออนไลน์,Creating Online Learning Resources,2020
SWU00706,Online Classroom ห้องเรียนยุคใหม่,Online Classroom in the 21st century,2020
SWU00705,ภาวะผู้นำการเปลี่ยนแปลงในศตวรรษที่ 21,The change of leadership in the 21st century,2021
SWU00704,การพัฒนาสมรรถนะครูในยุคดิจิทัล,Competency for teacher in digital age,2020
SWU00703,การหลอมรวมเทคโนโลยีสมัยใหม่,Fusion of modern technology,2021
SWU00702,การสร้างเครือข่ายด้วยการสื่อสารผ่าน Social Media,Network Creating with Communication in Social Media,2020
SWU00701,Cloud Technology Tools เพื่อการเรียนรู้ในศตวรรษที่ 21,Cloud Technology Tools for 21st Century Learning,2020
SWU00700,เทคโนโลยีเพื่อการเรียนรู้อย่างสร้างสรรค์,Technology for Creative Learning,2021
SWU00699,ผู้ประกอบการเพื่อสังคมเบื้องต้น,Introduction to Social Entrepreneurship,2020
SUT00698,การประยุกต์ใช้งานและอันตรายของแม่เหล็กไฟฟ้า,Application and danger of Electromagnetic,2020
SUT00697,การเขียนโปรแกรมคอมพิวเตอร์เบื้องต้น สำหรับระบบสารสนเทศ,Basic Computer Programming for Information System,2020
SUT00696,คณิตศาสตร์เพื่อคอมพิวเตอร์,Mathematics for Computer,2020
SU00695,สื่อสมัยใหม่เพื่อการเรียนรู้,New Media for Learning,2022
SU00694,เทคโนโลยีกับการศึกษาร่วมสมัย,Technology and Contemporary Education,2022
SU00693,วิจัยทางเทคโนโลยีการศึกษา,Research in Educational Technology,2022
SU00692,การออกแบบระบบการสอนทางเทคโนโลยีการศึกษา,Instruction System Design in Educational Technology,2022
SU00691,ทักษะการเขียนโปรแกรมคอมพิวเตอร์ด้วยภาษาซี,Computer programming skills with C language,2021
SU00690,ศิลปะศิลปากร,Silpakorn Arts,2020
SU00689,มนุษย์กับศิลปะ,Man and Art,2020
SU00688,พลเมืองดิจิทัล,Digital Citizenship,2020
SU00687,เทคโนโลยีสารสนเทศสำหรับการจัดการจดหมายเหตุและสารสนเทศมรดกทางวัฒนธรรม,Information Technology for Archives and Cultural Heritage Information Management,2020
SU00686,เทคโนโลยีและนวัตกรรมการศึกษา,Technology and Innovation for Education,2021
SU00685,การออกแบบภาพประกอบสื่อสําหรับเด็ก,Children’s Illustration Design,2021
SU00684,การวิจัยทางการศึกษา,Educational Research,2020
SU00683,เทคนิควิธีการจัดการเรียนรู้,Technique and Method of instruction,2021
SU00682,มนุษย์กับสิ่งแวดล้อม,Human and His Environment,2021
SU00681,กิจกรรมเคลื่อนไหวเชิงสร้างสรรค์สำหรับเด็กปฐมวัย,Creative Movement Activities for Young Children,2021
STOU00680,การสร้างต้นแบบโมเดลธุรกิจอย่างมืออาชีพ,The Professional Creation of a Business Model Prototype,2023
STOU00679,การสร้างความคิด เพื่อพิชิตลูกค้า,The Creation of Thinking to Win the Customers,2023
STOU00678,ตั้งกรอบโจทย์อย่างไร...ให้โดนใจลูกค้า,How to Post an Attractive Problem Framework for the Customers,2023
STOU00677,ปฏิบัติการคิดเชิงออกแบบนวัตกรรม,A Thinking Workshop on Innovation Design,2023
STOU00676,การใช้เทคโนโลยีดิจิทัลเพื่อการติดต่อสื่อสารและการสร้างสรรค์งานสำหรับผู้ดูแลผู้สูงอายุ,Using digital technology for communication and creative work for elderly caregivers,2021
STOU00675,ความรู้เรื่องการเงินสำหรับผู้ดูแลผู้สูงอายุ,Financial Literacy for Elderly Caregivers,2021
STOU00674,กฎหมายแรงงานสำหรับผู้ดูแลผู้สูงอายุ,Labour Law for Elderly Caregivers,2021
STOU00673,บทบาท หน้าที่ ความรับผิดชอบ และการดูแลตนเองสำหรับผู้ดูแลผู้สูงอายุ,"Role, Function, Responsibilities and Self Care for Elderly Caregivers",2021
STOU00672,โรคเรื้อรังและกลุ่มอาการที่พบบ่อยสำหรับผู้ดูแลผู้สูงอายุ,Common Chronic Diseases and Syndromes for Elderly Caregivers,2021
STOU00671,การจัดการภาวะฉุกเฉินในผู้สูงอายุ,Emergency Management in Elderly People,2021
STOU00670,การปฐมพยาบาลผู้สูงอายุ,First Aid for the Elderly,2021
STOU00669,การดูแลระบบทางการหายใจ ระบบทางเดินอาหารและระบบการขับถ่ายปัสสาวะของผู้สูงอายุ สำหรับผู้ดูแลผู้สูงอายุ,"Respiratory Care System,Gastrointestnal Care System and Excretory Care System for Elderly Caregivers",2021
STOU00668,การประเมินสัญญาณชีพ การใช้ยา และการป้องกันการติดเชื้อ สำหรับผู้ดูแลผู้สูงอายุ,"Assessment, Medication Use, and Infection Prevention for Elderly Caregivers",2021
STOU00667,การดูแลสุขวิทยาส่วนบุคคลและการเคลื่อนย้ายผู้สูงอายุสำหรับผู้ดูแลผู้สูงอายุ,"Personal hygiene, Lifting, Moving",2021
STOU00666,ภูมิปัญญาไทยกับการดูแลผู้สูงอายุสำหรับผู้ดูแลผู้สูงอายุ,Caring for the Elderly by Using Thai wisdom for Elderly Caregivers,2021
STOU00665,การส่งเสริมสุขภาพจิตผู้สูงอายุด้วยเทคนิคแบบบูรณาการสำหรับผู้ดูแลผู้สูงอายุ,Mental Health Care Enhancement in Elderly with Integrative Techniques for Elderly Caregivers,2021
STOU00664,การจัดสภาพแวดล้อมที่ดี ถูกสุขอนามัย ปลอดภัย และน่าอยู่ สำหรับผู้ดูแลผู้สูงอายุ,"Environmental Friendliness in Hygiene, Safety, and Comfort for Elderly Caregivers",2021
STOU00663,การดูแลโภชนาการอย่างปลอดภัยและถูกสุขอนามัยสำหรับผู้ดูแลผู้สูงอายุ,Elderly Caring in Nutritional Care with the Safety and Hygiene in the Elderly for Elderly Caregivers,2021
STOU00662,การดูแลผู้สูงอายุแบบองค์รวม,Holistic Approach on Aging Care,2021
STOU00661,ระบบสารสนเทศกับการจัดการความรู้ในยุคดิจิทัล,Information System and Knowledge Management in the Digital Age,2020
STOU00660,ศาสตร์แห่งการชะลอวัย,Science of active aging,2020
STOU00659,สื่อสารอย่างไรให้สมาร์ตในยุคดิจิทัล,Smart communication in Digital Age,2020
STOU00658,ภูมิปัญญาไทย กับการพัฒนาการเกษตรอย่างยั่งยืน,Thai wisdom with agricultural sustainable development,2020
STOU00657,Young Smart Farmer ยุคไทยแลนด์ 4.0,Young Smart Farmers in Thailand 4.0,2020
STOU00656,สถิติธุรกิจ (สถิติเรื่องใกล้ตัว...ไม่น่ากลัวอย่างที่คิด),Business Statistic,2020
STOU00655,การพูด การแสดงทางวิทยุกระจายเสียงอย่างมืออาชีพ,Radio Performance,2020
STOU00654,เอสเอ็มอี สตาร์ทอัพ,SME Startup,2020
STOU00653,การส่งเสริมสุขภาพผู้สูงอายุ,Health Promotion for Older People,2020
STOU00652,การสร้างวินัยในตนเอง...สำหรับเด็กปฐมวัย,Promoting Early Childhood Children’ Self-Discipline,2020
STOU00651,การผู้ดูแลผู้สูงอายุ...เพื่อป้องกันภาวะความเสี่ยงจากโรคสมองเสื่อม,Elderly Caregivers...Reducing Risk of Dementia,2020
STOU00650,คณิตเศรษฐศาสตร์และเศรษฐมิติเพื่อการธุรกิจ,Mathematical Economics and Econometrics for Business,2020
STOU00649,กฎหมายอาญาภาคความผิด (มาตรา 309-398),Criminal Law : Offenses (Penal Code Section 309 – 398),2020
STOU00648,การออกแบบผลิตภัณฑ์สำหรับผู้ประกอบการ,Product Design for Entrepreneur,2020
STOU00647,เทคโนโลยีการสร้างสรรค์สื่อดิจิทัล,Digital Media Creation Technology,2020
STOU00646,ความรู้พื้นฐานเกี่ยวกับบิ๊กดาตา,Big Data Concept,2020
STOU00645,การบัญชีเพื่อการจัดการและการจัดการทางการเงิน,Managerial Accounting and Financial Management,2020
STOU00644,การจัดการเชิงกลยุทธ์และการตลาดในยุคโลกาภิวัตน์,Strategic Management and Marketing in a Globalized Era,2020
STOU00643,พฤติกรรมองค์การและการจัดการทรัพยากรมนุษย์,Organizational Behavior and Human Resource Management,2020
STOU00642,ระบบหลักประกันสุขภาพไทย,Thai Health Security,2020
STOU00641,ภาษาญี่ปุ่นเพื่ออาชีพผู้ดูแลผู้สูงอายุ,Japanese Language for Being Elderly Caregiver,2020
STOU00640,ภาษาจีนเพื่อการท่องเที่ยว,Chinese Language for Tourism,2020
STOU00639,พื้นฐานนักออกแบบแฟชั่นสำหรับชุมชน,Basic Fashion Designer Community,2020
STOU00638,ศิลปะการปรุงอาหาร,Food Design,2020
STOU00637,ธุรกิจบริการสปาและการประยุกต์งานแพทย์แผนไทย,Business Services Spa & Traditional Thai Medicine,2020
STCC00802,ท่องเที่ยวชุมชน,Community tour,2020
STOU00636,ชุมชนไอดอล,Idol Community,2020
STOU00635,ชีวิตทันยุค,Start Up Life,2020
STOU00634,พื้นที่จุดประกาย,Start Up Space,2020
STOU00633,สตาร์ทอัพชุมชน,Community Start Up,2020
STOU00632,รู้จักสื่อ...รู้จักอาเซียน,Smart Comm. ASEAN,2020
STOU00631,สตาร์ทอัพอังกฤษ,English Start Up,2020
STC00629,ภาษาอังกฤษเทคโนโลยีช่างอุตสาหกรรม,English for Industrial Technology,2020
SSRU00628,คณิตพิชิต O-NET (ระดับม.ต้น),Math Conquer O-NET (Junior High School),2019
SSRU00627,การออกแบบสื่ออินเตอร์แอคทีฟเพื่อการศึกษา,Design Interactive Media for Education,2020
SSRU00626,การออกแบบสื่อเสียงเพื่อการศึกษา,Design Audio Media for Education,2020
SSRU00625,หลักพุทธธรรม,Buddhist Principles,2020
SSRU00624,ประวัติศาสตร์ยุโรป,European History,2020
SSRU00623,อาเซียนศึกษา,ASEAN Studies,2020
SSRU00622,เพศศึกษารอบด้าน,Comprehensive Sexuality,2020
SRU00621,การออกแบบกิจกรรมการเรียนรู้เพื่อพัฒนาอัตมโนทัศน์ทางสังคมของวัยรุ่น Gen Z,Learning Activity Design for Social Self-Concept Development of Generation Z Teenagers,2024
SRU00620,การตัดต่อวีดิทัศน์ดิจิทัลด้วยโปรแกรม Sony Vegas,Digital Video Editing with Sony Vegas,2023
SRU00615,หลักเกณฑ์วิธีการที่ดีในการผลิตอาหาร,Good Manufacturing Practice,2023
SRU00613,การตลาดดิจิทัลสำหรับผู้ประกอบการธุรกิจชุมชน,Digital Marketing for Community Business Entrepreneur,2023
SRU00612,การจัดการจดหมายเหตุและวัตถุพิพิธภัณฑ์ท้องถิ่น,Management of Local Archive and Museum Objects,2023
SRU00610,การจัดการธุรกิจร้านกาแฟ,Coffee Shop Business Management,2024
SRU00609,การบริหารโครงการ IT แบบมืออาชีพ,Professional IT Project Management,2023
SRU00607,การสมรสตามกฎหมายไทย,Thai marriage law,2024
SRU00604,พิษวิทยาอาชีวอนามัยพื้นฐาน,Introduction to Occupational Toxicology,2023
SRU00599,การวิเคราะห์ข้อมูลเบื้องต้นด้วยเวก้า,Basic Data Analysis with Weka,2020
SRU00598,การออกแบบบทเรียนมัลติมีเดียและแอนิเมชันเพื่อการศึกษา,Design of Multimedia Courseware and Animation for Education,2020
SRU00597,ภาษาอังกฤษเพื่อการพยาบาลพื้นฐาน,English for Fundamental Nursing,2020
SRU00596,การจัดการสารสนเทศสำนักงาน,Office Information Management,2020
SRU00595,การเตรียมสอบประกาศนียบัตร MOS : MS Excel 2013,MS Excel 2013 | MOS Certificate : MS Excel 2013,2020
SKRU00587,ภาษาอาร์และการวิเคราะห์ข้อมูล,R Programming for Data Analysis,2023
SKRU00586,การออกแบบและสร้างสื่อ Interactive เพื่อการเรียนการสอนบน Smartphone,Interactive multimedia For education on smartphone,2021
SKCC00584,โปรแกรมคอมพิวเตอร์สำเร็จรูป,Computer Program,2023
SKCC00583,สื่อสารด้วยภาษากัมพูชาง่ายนิดเดียว,Communicate with Cambodia language very easy,2022
SKCC00582,เส้นสายใยรัก ผ้าทอหันทราย,Hun Sai’s Hand-woven Fabric,2022
SDU00580,อาหารอาเซียน,ASEAN FOOD,2020
SDU00579,พฤติกรรมการดูแลตนเองเพื่อป้องกันโรคเบาหวาน,Self-care behaviors for diabetes prevention,2020
SDU00578,การบริการอาหารและเครื่องดื่ม,Food and Beverage Service,2020
SDU00577,การดูแลแบบประคับประคอง,Palliative care,2020
SCT00576,ผู้ประกอบการร้านค้าออนไลน์,e-Commerce for Entrepreneurs,2020
SCT00575,การประยุกต์ใช้โปรแกรมออนไลน์ในการจัดการเรียนการสอนด้วยแนวคิดเกมมิฟิเคชั่น,Using online application in teaching management with the gamification concept,2020
SCT00574,การทำงานร่วมกันแบบออนไลน์ด้วย กูเกิลด็อก กูเกิลชีท กูเกิลสไลด์,"Online collaboration with Google Docs, Google Sheets and Google Slides",2020
SCT00573,การเตรียมสอบประกาศนียบัตร MOS : MS Word 2013,MOS Certificate : MS Word 2013,2020
SCPHPL00572,เครื่องมือพื้นฐานในการศึกษาชุมชน,Basic tools for community study,2023
SCPHPL00571,ความรู้เรื่องยาเบื้องต้น,Introduction to Drug Information,2020
RUTS00570,เทคโนโลยีชีวภาพกับอาหารหมัก,Biotechnology and Fermented Food,2020
RUTS00569,การใช้จุลินทรีย์เพื่อการเกษตร,Agricultural Microbiology,2020
RU00568,การจัดการคลังสินค้า,Warehouse Management,2020
RU00567,จริยธรรมการใช้เทคโนโลยีสารสนเทศ,Ethics for Using Information Technology,2020
RSU00566,การเล่าเรื่องในสื่อดิจิทัลอย่างรู้เท่าทัน (สำหรับคนหูหนวก),Digital Storytelling with Literacy (for the Deaf),2022
RSU00565,การใช้สื่อออนไลน์ในฐานะพลเมืองดิจิทัล,Online media use as a digital citizen (for the Deaf),2022
RSU00564,เทคโนโลยี บล็อกเชนและ บิทคอยน์,Block Chain and Bit Coin,2020
RSU00563,ความรู้เบื้องต้นการวิเคราะห์ข้อมูลบนสื่อสังคมออนไลน์,Introduction to Data Analytics on Social Media,2020
RSU00562,การวิเคราะห์เชิงลึกอภิมหาข้อมูล,Big Data Analysis,2020
RSU00561,เศรษฐศาสตร์ตลาดการเงิน,Economics of Financial Market,2020
RSU00560,คลังข้อมูลและการทำเหมืองข้อมูล,Data warehouse and Data Mining,2020
RPU00559,การจัดการบริการสุขภาพปฐมภูมิ หัวข้อ การบริหารงานสาธารณสุขในภาวะฉุกเฉิน,Primary Health Care Management,2020
RMUTTO00558,การวิเคราะห์ความมั่นคงปลอดภัยเครือข่ายองค์กร ประเมินและจัดการช่องโหว่,Network Security Analysis Assessment and Vulnerability Management,2022
RMUTTO00557,การวิเคราะห์ความมั่นคงปลอดภัยของระบบและการบริหารจัดการข้อมูล,Information System Security Analysis and Data Management,2022
RMUTTO00556,การบริหารจัดการระบบและเครือข่าย,System and Network Management,2022
RMUTT00555,ระบบสนับสนุนการตัดสินใจสำหรับองค์กรธุรกิจ,Decision Support Systems,2020
RMUTT00554,แคลคูลัสสำหรับวิศวกร,Calculus for Engineer,2020
RMUTT00553,ภาษา Python สำหรับวิทยาการข้อมูล,Fundamental of Computer Programming with Python Language,2020
RMUTT00552,เทคนิคการสำรวจตัวอย่าง,Sampling Techniques,2020
RMUTT00551,วิทยาการข้อมูลเบื้องต้น,Fundamentals of Data Science,2020
RMUTT00550,การจัดคลังข้อมูลเพื่อการตัดสินใจขององค์กร,Data Warehouse or Decision Making in Organization,2020
RMUTT00549,ภาษาอังกฤษเพื่อการท่องเที่ยวเชิงวัฒนธรรม,English for Cultural Tourism,2020
RMUTT00548,อาหารเพื่อสุขภาพ,Food for Health,2020
RMUTT00547,การแปรรูปอาหาร,Food Processing,2020
RMUTT00546,เทคนิคการออกแบบและตกแต่งบ้านประหยัดพลังงาน,Energy Efficient Homes Design & Decoration,2020
RMUTT00545,การเตรียมพร้อมเข้าสู่วัยผู้สูงอายุ,Preparing for Aging,2020
RMUTT00544,การเริ่มต้นเป็นผู้ประกอบการรายใหม่,A new entrepreneur,2020
RMUTT00543,เทคโนโลยี SMART GRID,Smart Grid,2020
RMUTT00542,ทักษะงานช่างพื้นฐาน,Basic Engineering Skill,2020
RMUTT00541,การจัดการศึกษาโดยครอบครัว,Homeschool,2020
RMUTSB00540,ความคิดสร้างสรรค์สำหรับการออกแบบสื่อเสียง,Creative Ideas for Audio Design,2020
RMUTR00539,การผลิตภาพยนตร์ดิจิทัล,Digital Movie Production,2020
RMUTP00538,อาหารตะวันตกเบื้องต้น,Basic Western Cuisine,2023
RMUTL.TAK00537,การบัญชีบริหาร,Managerial Accounting,2020
RMUTL.TAK00536,บัญชีเบื้องต้น,Introduction to Accounting,2020
RMUTL.TAK00535,ระบบสารสนเทศทางบัญชี,Accounting Information System,2020
RMUTK00534,การเตรียมการวางแผนก่อนการผลิตสำหรับงานโทรทัศน์,Pre-Production Planning For Television,2020
RMUTI00532,การออกแบบและพัฒนาเว็บไซต์เพื่อรองรับการแสดงผลบนอุปกรณ์เคลื่อนที่,Responsive Web Design and Development for Mobile Device,2020
RBAC00531,การจัดการสื่อสารในภาวะวิกฤต,Crisis Communication,2020
RBAC00530,ปัญญาประดิษฐ์เพื่องานธุรกิจ,Artificial Intelligence for Business,2020
RBAC00529,เทคโนโลยีการเงิน,Financial Technology,2020
RAJAPARK00528,การจัดการตลาดชุมชนสมัยใหม่,Modern Community Marketing Management,2020
RAJAPARK00527,จริยธรรมทางธุรกิจ,Business Ethics,2020
PSU00526,โยคะเพื่อสุขภาพ,Yoga for Health,2023
PSU00525,การดูแลบุคคลที่มีภาวะสมองเสื่อม,Caring for person with dementia,2023
PSU00524,การป้องกันภาวะสมองเสื่อม,Prevention for dementia,2023
PSU00523,การฟัง-พูดภาษาเกาหลี 1-2,Korean Listening - Speaking 1-2,2020
PSU00522,การฟัง-พูดภาษาเกาหลี 1-1,Korean Listening – Speaking 1-1,2020
PSU00520,ศิลปกรรมท้องถิ่นชายแดนใต้,Southen Folk Art,2020
PSU00519,การออกแบบการนำเสนองานอย่างสร้างสรรค์และทันสมัย,Creative and Modern Presentation Design,2020
PSU00518,การพยาบาลผู้ป่วยกล้ามเนื้อหัวใจตาย,Nursing care for patients with myocardial infarction,2020
PSU00517,สุขภาวะกายและจิต,Healthy Body and Mind,2020
PSU00515,บาติก 1,BATIK 1,2020
PSU00514,เทคโนโลยีทางภาพถ่ายเพื่อสื่อสารการศึกษา,Photographic Technology for Educational Communications,2020
PSU00513,ศิลปะอิสลาม,Islamic Art,2020
PSRU00511,นวัตกรรมเทคโนโลยีสารสนเทศทางการศึกษา,Innovation and Information Technology in Education,2020
PPC00510,สายส่งและสายอากาศ,Transmission and antenna,2020
PNCC00509,ละแซ ซูชิมลายูภาคใต้,Laksam : Southern Styled Melayu Sushi,2021
PNCC00508,"ภูมิปัญญาท้องถิ่น ""ว่าวเบอร์อามัส""","Local Wisdom of Kite ""BERAMAS""",2020
PKRU00507,หลักสูตรการประยุกต์และพัฒนาเว็บไซต์ด้วย Google Sites,Apply and Website Development Course with Google Sites,2020
PKRU00506,หลักสูตรการบริหารจัดการข้อมูลออนไลน์ด้วย Google Drive,Online Data Management Course with Google Drive,2020
PKRU00505,การเตรียมสอบประกาศนียบัตร MOS : MS PowerPoint 2013,MS PowerPoint 2013 | MOS Certificate : MS PowerPoint 2013,2020
PIM00504,เกษตรอัจฉริยะในคอนโดฯ,SMART FARM @ CONDO,2020
PIM00503,การบริหารค่าตอบแทน,Compensation Management and Benefit,2020
PIM00502,ศิลปะการเล่าเรื่องข้ามสื่อ,Art of Transmedia Storytelling,2020
PIM00501,เทคนิคการบริหารสินค้าสำหรับร้านค้าออนไลน์,Product Management Techniques for Online Business,2020
PIM00500,การบริหารความก้าวหน้าในสายอาชีพ,Career Path Management,2020
PIM00499,การเรียนรู้และการพัฒนาทรัพยากรมนุษย์,Learning and Development,2020
PIM00498,การสรรหาและคัดเลือกบุคลากร,Recruitment and Selection,2020
PIM00497,หลักการดีๆ ที่นักOD…ควรมีตามมาตรฐานคุณวุฒิวิชาชีพ,The good principles that OD person should be according to Thailand Professional Qualification,2020
PIM00496,การออกแบบพื้นที่จัดเก็บสินค้าสำหรับธุรกิจขนาดกลางและธุรกิจค้าปลีกในยุค 4.0,Storage location design for SME and modern trade in 4.0,2020
PIM00495,การบริหารผลงานเพื่อองค์กรประสิทธิภาพสูง,Performance Management System for High Performance Organization,2020
PIM00494,หมากล้อมกับการพัฒนาความคิดทางธุรกิจ,Go and Business Thinking Skills Development,2020
PIM00493,กลยุทธ์การบริหารร้านค้าปลีกอย่างมืออาชีพ,Professional retail management strategy,2020
PIM00492,พฤติกรรมผู้บริโภคกับธุรกิจค้าปลีกในยุคดิจิทัล,Consumer Behavior and Retailing Business in Digital Age,2020
PIM00491,วิจัยทางธุรกิจ,Business Research Methods,2020
PIM00490,การจัดการธุรกิจการค้าสมัยใหม่ในยุค Thailand 4.0,Modern Trade Business Management in Thailand 4.0,2020
PIM00489,จิตวิทยาบุคลิกภาพและการปรับตัว,Personality Psychology and Adjustment,2020
PHRCC00487,ลาบแป้,Laab Phrae : Spicy Minced Meat Salad,2020
OR00486,เป้าหมายการพัฒนาที่ยั่งยืนของสหประชาชาติ และการนำไปใช้ปฏิบัติกับองค์กรภาคธุรกิจ,Sustainable Development Goals (SDGs): Practical Implementation for Business Sector,2022
OR00485,สิทธิมนุษยชนขั้นพื้นฐานในการดำเนินธุรกิจ,Introduction to Human Rights in Business Practices,2022
ONDE00484,ทักษะทางสังคม,Soft Skills,2023
ONDE00483,วัฒนธรรมยุค 4.0,Local Community Way of Life 4.0,2020
ONDE00482,ชุมชนเทคโนโลยี,Technology for Community,2020
ONDE00481,คนสร้างอาชีพ,Career Development,2020
ONDE00480,สาธารณสุขสร้างสุขชุมชน,Community - Public Health,2020
ONDE00479,ชุมชนคนเกษตร 4.0,Agricultural Community 4.0,2020
OCSC00047,การเรียนรู้ตามรอยพระยุคลบาท,Recognized his majesty's contributions to dedicate our effort and spirit to grow up Thailand,2020
OCSC00041,การบริหารกิจการบ้านเมืองที่ดี,Good Governance,2020
OCSC00040,การเป็นข้าราชการ,To Be Official,2020
OCSC00046,ระบบราชการไทย,The Thai Civil Service System,2020
OCSC00045,การสร้างพันธมิตรและการส่งเสริมการทำงานแบบประชารัฐ,Creating Partnership and Relationship,2020
OCSC00044,วินัยและจรรยาข้าราชการ,Discipline for Civil Officials,2020
OCSC00043,การคิดเชิงวิพากษ์และการจัดการปัญหา,Critical thinking and problem solving,2020
OCSC00042,Google Tools เพื่อการพัฒนางาน,Google Tools to Improve Work Performance,2020
OCSC00038,การบริหารความเสี่ยงดิจิทัล,Digital Risk Management,2020
OCSC00033,การออกแบบองค์กรดิจิทัล,Designing Digital Organization,2020
OCSC00039,การขับเคลื่อนการเปลี่ยนผ่านสู่รัฐบาลดิจิทัล,Digital Government Transformation,2020
OCSC00036,ภาวะผู้นำกับความรับผิดชอบต่อหน้าที่,Leadership and Responsibility,2020
OCSC00034,การเป็นผู้นำการเปลี่ยนแปลงที่มีประสิทธิภาพ,Effective Change Agent,2020
OCSC00037,การสื่อสารและการประสานงาน,Communication and Collaboration,2020
OCSC00035,การคิดสร้างสรรค์และนวัตกรรม,Creativity and Innovation,2020
NU00463,การเปลี่ยนผ่านการเงินดิจิทัล,Digital Finance Transformation,2022
NU00462,การจัดการเรียนรู้เสริมภาษาอังกฤษด้วยเกมออนไลน์,Online Games Enhanced English Language Learning,2022
NU00461,การจัดการเรียนการสอนออนไลน์,Online teaching management,2022
NU00460,ปัญญาประดิษฐ์ทางการศึกษา,Artificial Intelligence in Education,2022
NU00459,การออกแบบมาสคอตและการพิมพ์สามมิติ,Mascot Design and 3D Printing,2022
NU00458,การเรียนรู้บอร์ดอาร์ดุยโน่ด้วยโปรแกรม tinkercad สำหรับระบบฟาร์มอัจฉริยะ,Learning Arduino board with tinkercad for smart farm system,2022
NU00457,สถิติและการวิเคราะห์ข้อมูลเบื้องต้น,Introduction to Statistics and Data Analytics,2022
NU00456,ปริมาณสารสัมพันธ์,Stoichiometry,2022
NU00455,การวิเคราะห์ข้อมูลสำหรับการจัดการทางธุรกิจ,Data Analysis for Business Management,2022
NU00454,ฟิสิกส์ระดับมหาวิทยาลัย: การสั่นและคลื่นกล,University Physics: Vibrations and Mechanics Waves,2022
NU00453,จลนพลศาสตร์และการออกแบบเครื่องปฏิกรณ์ทางวิศวกรรมเคมี,Chemical Engineering Kinetics and Reactor Design,2022
NU00451,เทคโนโลยีพลังงานหมุนเวียน,Renewable Energy Technology,2022
NU00450,อาหารสุขภาพสำหรับผู้สูงอายุ,Healthy food for Aging,2022
NU00449,ความรู้พื้นฐานด้านสุขภาพดิจิทัลสำหรับบุคลากรสุขภาพ,Digital health,2022
NU00448,เทคนิคการออกแบบและก่อสร้างอาคารที่เป็นมิตรต่อสิ่งแวดล้อม,Environmentally Friendly Building Design and Construction Techniques,2020
NU00447,การดูแลผู้ป่วยวาระสุดท้ายและครอบครัว,Caring for End of Life Patients and Theirs Family,2020
NU00446,การดูแลผู้ที่ได้รับเคมีบำบัด,Caring for Person Receiving Chemotherapy,2020
NU00445,ภูมิคุ้มกันวิทยา,Immunology,2020
NU00444,กฎหมายโทรคมนาคมและเศรษฐกิจดิจิทัล,Telecommunication Laws and Digital Economy,2020
NU00443,ความรู้เบื้องต้นเกี่ยวกับกฎหมายการแพทย์,Introduction to Medical Law,2020
NU00442,จริยธรรมการวิจัยในมนุษย์เบื้องต้น,Basic Human Subject Protection Course,2020
NU00441,การเขียนโครงร่างการวิจัยทางคลินิก,Writing Clinical Trial Research Proposal,2020
NU00440,การให้ความรู้ผู้ป่วยโรคไตเรื้อรังเบื้องต้น,Patient Education in Chronic Kidney Disease,2020
NU00439,การขึ้นโมเดลสามมิติด้วยเทคโนโลยีแบบจำลองสารสนเทศอาคาร,3D Modeling using BIM Technology,2020
NU00438,วิเคราะห์วงจรไฟฟ้ากระแสตรง,DC Electric Circuit Analysis,2020
NU00437,ศาสตร์แห่งการชะลอวัย,The Science of Rejuvenation,2020
NU00436,เตรียมเกษียณเพื่อเสริมสร้างพฤฒพลัง,Active ageing pre-retirement,2021
NU00435,เขียนแบบสถาปัตยกรรม,Architectural Drawing,2020
NU00434,การพัฒนาโครงการอสังหาริมทรัพย์,Real Estate Development,2020
NU00433,กฎหมายควบคุมอาคาร,Building Regulations,2020
NU00432,ความร่วมมือในการรักษาด้วยยา,Medication adherence,2020
NU00431,ระบบการสอนอัจฉริยะ,Intelligent Tutoring System,2020
NU00430,คอมพิวเตอร์สารสนเทศขั้นพื้นฐาน,Introduction to Computer Information science,2020
NU00429,การออกแบบเพื่อคนทั้งมวล,Universal Design,2020
NU00428,การเรียนร่วมศตวรรษที่ 21,Start up Inclusive Education in 21st Century,2020
NU00427,โปรแกรม Python สำหรับการคำนวณทางวิทยาศาสตร์,Python Programming for Scientific Computations,2020
NU00426,ทักษะการสื่อสารกับผู้ป่วยสำหรับเภสัชกร,Patient Communication Skill For Pharmacist,2020
NU00425,ภาษาอังกฤษสำหรับเภสัชกร,Spoken English for Pharmacist,2020
NU00424,นเรศวรศึกษา,Naresuan Study,2020
NU00423,สิทธิมนุษยชนในกระบวนการยุติธรรม,Human Right in Justice Procedure,2020
NU00422,การจัดการทรัพยากรมนุษย์,Human Resource Management,2020
NU00421,ภาษาอังกฤษสำหรับนักคอมพิวเตอร์,English for Computing,2020
NU00418,การสร้างทีมงานเพื่อการพัฒนางานแบบมืออาชีพ,Creating Professional Team Working,2020
NU00417,การสร้างความผูกพันของพนักงานในองค์กร,Creating Employee Engagement in,2020
NU00416,การใช้ ICT เพื่อสั่งสมความเชี่ยวชาญในอาชีพ,The use of information technology for professional skill,2020
NU00415,การบูรณาการ ICT เพื่อการเรียนรู้สะเต็มศึกษา,Stem Education,2020
NU00414,การใช้สื่อสังคมออนไลน์อย่างสร้างสรรค์,Creative Use of social media,2020
NU00413,พลวัตการเรียนรู้กับการสร้างค่านิยม,Learning Dynamic and Value Creation,2020
NU00412,การให้คำปรึกษาเพื่อพัฒนาครูยุคใหม่,Counseling for Teachers Development in New Era,2020
NU00411,กลยุทธ์การสร้างชุมชนการเรียนรู้ด้วย PLC,Strategy in Building Professional Learning Community,2020
NU00410,การพัฒนาสภาพแวดล้อมในสังคมแห่งการเรียนรู้ยุคใหม่,Development Environment for New Learning Society,2020
NU00409,การพัฒนานวัตกรรมการเรียนรู้ยุคสร้างสรรค์,Developing Learning Innovation for the Creativity Era,2020
NU00408,พลังงานทดแทน,Renewable Energy,2020
NU00407,การบริหารงานภาครัฐ,Public Administration,2020
NU00406,สถาปัตยกรรมกับการพัฒนาที่ยั่งยืน ภาคประชาชน,Architecture and Sustainable Development for Everyone,2020
NU00405,เภสัชบำบัดในโรคไตเรื้อรัง,Pharmacotherapy in Chronic Kidney,2020
NU00404,โครงสร้างคอนกรีตเสริมเหล็ก,Concrete Building Technology,2020
NU00403,เทคโนโลยีการก่อสร้างอาคารแบบผสมผสาน,Hybrid Building Construction,2020
NU00402,โปรแกรม LaTeX สำหรับเอกสารทางวิชาการ,LaTeX program for academic documents,2020
NU00401,อารยธรรมและภูมิปัญญาท้องถิ่น,Civilization and Local Wisdom,2020
NSTRU00400,เครือข่ายและความปลอดภัย,Network and Security,2020
NSTRU00399,มาตรฐานการผลิตสื่อดิจิทัล,Digital Media Production Standards,2020
NSTRU00398,กสิกรรมธรรมชาติ,Natural agriculture,2020
NSTRU00397,ทักษะพื้นฐานการซ่อมบำรุงรักษาวัสดุอุปกรณ์ในสำนักงาน,Basic Skills in The Maintenance Office,2020
NRRU00393,เทคโนโลยีสารสนเทศเพื่อการจัดการสารสนเทศท้องถิ่น,Information Technology for Local Information Management,2020
NRRU00392,มาเป็น…นักวิเคราะห์ข้อมูล (แบบไม่ต้องพึ่งใคร) กับการทำเหมืองข้อมูลทีละขั้น,Become…a Data Analyst (Do not rely on anyone) with Data Mining Step by Step,2020
NRRU00391,บริหารจัดการธุรกิจอย่างมืออาชีพด้วย Excel,Business Management Professional using Excel,2020
NRRU00390,การสร้างเว็บไซต์พาณิชย์อิเล็กทรอนิกส์ ตอบโจทย์ธุรกิจออนไลน์,E-Commerce Website Development for Online Business,2020
NRRU00389,การรู้สารสนเทศ,Infomation Literacy,2020
NPRU00388,การออกแบบและผลิตสื่อวีดิทัศน์,Video Production and Design,2023
NPRU00387,โลจิสติกส์และธุรกิจระหว่างประเทศเบื้องต้น,Fundamentals of Logistics and International Business,2023
NPRU00386,กระบวนการพยาบาล,Nursing Process,2023
NPRU00385,นวัตกรรมและเทคโนโลยีสารสนเทศเพื่อการสื่อสารการศึกษาและการเรียนรู้,Innovation and Information Technology for Educational Communication and Learning,2022
NPRU00384,พลเมืองที่เข้มแข็ง,Active Citizen,2024
NPRU00383,การพยาบาลพื้นฐาน,Fundamental of Nursing,2022
NPRU00382,การบริหารจัดการในศตวรรษที่ 21,Management in 21st Century,2022
NPRU00381,เทคโนโลยีดิจิทัลและนวัตกรรม,Digital Technology and Innovation,2022
NPRU00380,ภาษาอังกฤษเพื่อการสื่อสารในสังคม,English for Social Communication,2022
NPRU00379,คอมพิวเตอร์กราฟิก,Computer Graphic,2021
NPRU00378,ภาษาจีนเพื่อการสื่อสาร,Chinese for Communication,2021
NPRU00377,ดูแลใส่ใจวัยสูงอายุ,Caring and Taking Care of the Elderly,2021
NOU00376,พูดภาษาจีน 300 ประโยค,Easy to Learn Mandarin (with 300 sentences),2023
NOU00375,โอกาสทางธุรกิจในเอเชียตะวันออก,Business Opportunities in East Asia,2020
NOU00374,Open Mind! สื่อใหม่แบบข้ามขอบเขตและการประชาสัมพันธ์อย่างสร้างสรรค์,Open Mind! Cross-Boundary New Media and Creative Public Relations&lt;,2021
NOU00373,การตลาดเชิงสร้างสรรค์,Creative Marketing,2020
NITIVAJRA00372,ความรู้เกี่ยวกับกระบวนการยุติธรรมทางอาญาในการดำเนินคดีทุจริตและประพฤติมิชอบ,Knowledge of Criminal Justice System in Conducting Corruption and Misconduct Cases,2023
NITIVAJRA00371,ความรู้เกี่ยวกับกระบวนการยุติธรรมทางอาญาในการดำเนินคดีความผิดเกี่ยวกับการค้ามนุษย์,Knowledge of Criminal Justice System in Conducting Human Trafficking Cases,2023
NITIVAJRA00370,ความรู้เกี่ยวกับการบังคับคดีให้หน่วยงานของรัฐ,Knowledge of Conducting Legal Execution for State Agencies,2023
NITIVAJRA00369,ความรู้เกี่ยวกับการดำเนินคดีแพ่งให้หน่วยงานของรัฐ,Knowledge of Conducting Civil Cases for State Agencies,2023
NITIVAJRA00368,ความรู้เกี่ยวกับกระบวนการยุติธรรมทางอาญาในการดำเนินคดียาเสพติด,Knowledge of Criminal Justice System in Conducting Narcotic Cases,2023
NIDA00367,การจัดเตรียมเนื้อหาสำหรับสื่อสังคมออนไลน์ และเว็บไซต์,Content Preparation for Social Media Platforms and Website,2023
NIDA00366,กลยุทธ์การตลาดเชิงเนื้อหาในสื่อสังคมเพื่อการจัดการแบรนด์ออนไลน์,Social Media Content Marketing Strategy for Online Brand Management,2023
NIDA00365,การจัดการสื่อสังคมออนไลน์ และการตลาดเชิงเนื้อหาบนพื้นฐานของข้อมูล,Data-driven Social Media Management and Content Marketing,2023
NIDA00364,Data + AI for Communication: PDPA การคุ้มครองข้อมูลส่วนบุคคล เตรียมความพร้อมเพื่อโอกาสทางธุรกิจ,Data + AI for Communication: PDPA for Business Opportunity,2022
NIDA00363,Data + AI for Communication: การใช้ Data + AI เพื่อเสริมพลังการสื่อสารการตลาด,Data + AI for Communication: Data + AI for Powered Marketing Communication,2022
NIDA00362,Data + AI for Communication: การฝึกปฏิบัติการการใช้เครื่องมือ Data + AI พื้นฐานสำหรับการสื่อสารการตลาด,Data + AI for Communication: Workshop on Data + AI Foundation Tools for Marketing Communication,2022
NIDA00361,Data + AI for Communication: เครื่องมือปัญญาประดิษฐ์สำหรับวิเคราะห์ข้อมูลพฤติกรรมผู้บริโภคเชิงลึก,Data + AI for Communication: Data Analytics Tool for AI marketing and Consumer Insight,2022
NIDA00360,Data + AI for Communication: ปัญญาประดิษฐ์กับสังคมมนุษย์,Data + AI for Communication: AI for Humanity,2022
NIDA00359,Data + AI for Communication: การประยุกต์ใช้ปัญญาประดิษฐ์ทางการสื่อสารเพื่อสร้างประสบการณ์ให้แก่ผู้บริโภค,Data + AI for Communication: AI Application for Experience Marketing Communication,2022
NIDA00358,Data + AI for Communication: การใช้ข้อมูลและปัญญาประดิษฐ์สำหรับวิสาหกิจขนาดกลางและขนาดย่อม,Data + AI for Communication: Data + AI for SME,2022
NIDA00357,Data + AI for Communication: Chatbot โดยไม่ต้องเขียนโปรแกรม,Data + AI for Communication: Build AI Chatbot without Programming,2022
NIDA00356,Data + AI for Communication: แนวทางการใช้ข้อมูลและเครื่องมือปัญญาประดิษฐ์สำหรับองค์กรด้านการสื่อสาร,Data + AI for Communication: Inspired Data + AI Applications for Communication Organization,2022
NIDA00355,การสร้างสรรค์เนื้อหาด้วยข้อมูล (Data) เพื่อเพิ่มคุณค่าขององค์กร,Content Creation in Digital Organization,2020
NESDC00354,ยุทธศาสตร์ชาติและการนำไปสู่การปฏิบัติ,National Strategy,2020
NCTU00353,เศรษฐศาสตร์สร้างสรรค์,Creative Essentials of Economics,2020
NCKU00352,การดูแลผู้สูงอายุ 3,Elderly Care III,2023
NCKU00351,การดูแลผู้สูงอายุ 2,Elderly Care II,2023
NCKU00350,การดูแลผู้สูงอายุ 1,Elderly Care I,2021
MU00349,การจัดการการท่องเที่ยวและการบริการในยุค 4.0,Tourism and Hospitality Management 4.0,2019
MU00348,วิทย์เพื่อชีวิต,Science for Life,2020
MU00347,การเป็นผู้ดูแลผู้สูงอายุ,Caregivers techniques,2020
MU00346,การอนุรักษ์ความหลากหลายและการใช้ประโยชน์ อย่างยั่งยืนของพรรณพืชป่าพื้นเมืองของไทย,The conservation and sustainable use of native Thai plants,2020
MU00345,สายด่วนฉุกเฉิน,Emergency Medical Service,2020
MU00344,กู้ชีพกู้ใจ…ใครๆ ก็ทำได้,Basic Life Support,2020
MU00343,การจัดการสาธารณภัย…ใครๆ ก็ต้องรู้!,Emergency Care in Mass Casualty Incident,2020
MU00342,ประวัติและตรวจร่างกาย...ใครคิดว่าไม่สำคัญ,History Interview and Physical Examination for Emergency Personal,2020
MU00341,ภัยพิบัติใกล้ตัว,Disasters Everywhere,2020
MU00340,การออกแบบโมเดลและงานพิมพ์ 3D โมเดลเพื่อการบริการชุมชน,3D Model design & printing for community service,2020
MU00339,การวิเคราะห์และตรวจสอบโครงสร้างคอนกรีตเสริมเหล็กในกรณีภัยพิบัติ,Reinforced Concrete for Earthquake Disaster Evaluation,2020
MU00338,การออกแบบวงจรดิจิทัล,Digital Circuit Design,2020
MU00337,การเรียนรู้วิชาคณิตศาสตร์แบบสะเต็มศึกษา,Learning Mathematics using STEM based approach,2020
MU00336,การจัดการเรียนรู้วิชาวิทยาศาสตร์แบบสะเต็มศึกษา,STEM Based Learning for Science,2020
MU00335,กลยุทธ์สู่ประชาคมอาเซียน: การเมือง เศรษฐกิจ และสังคม,"ASEAN Strategies: Politics, Economics, and Society",2020
MSU00331,ภูมิปัญญาอีสานจากใบลาน,Lean way of life Society,2021
MSU00330,อักษรไทยน้อยเบื้องต้น,Basic Thainoi Scriptures,2021
MJU00329,กระบวนการเลี้ยงปลาและการแปรรูปเพิ่มมูลค่าผลผลิตจากปลาและสาหร่าย,Sustainable aquaculture and value-added products from fish and seaweed,2021
MJU00328,ปศุสัตว์สร้างอาชีพ,Animal farming and farm management,2021
MJU00327,กระบวนการการผลิตเห็ดและพืชผักตามแนวทางเกษตรปลอดภัย,Mushroom and vegetable production via Good Agricultural Practice (GAP),2020
MJU00326,การประยุกต์ใช้ไอโอทีสำหรับธุรกิจ,Internet of Things Adoption in Business,2020
MICROSOFT00325,ทบทวนความรู้ ไมโครซอฟท์ เอ็กซ์เซลล์ เพื่อการทดสอบโดย Microsoft Office Specialist (MOS) Certificate,Microsoft Office Specialist (MOS) Certificate for Microsoft Excel (Tutorial),2021
MICROSOFT00324,ไมโครซอฟท์ เพาเวอร์ แอป (เครื่องมือสร้างบิซิเนสแอป โดยไม่ต้องเขียนโค้ด),Microsoft Power App (No Code Low Code),2021
MICROSOFT00323,ไมโครซอฟท์ เพาเวอร์ บีไอ (เครื่องมือวิเคราะห์ข้อมูลธุรกิจ),Microsoft Power BI,2021
MICROSOFT00322,ไมโครซอฟท์ เพาเวอร์พอยต์ (โปรแกรมนำเสนอชิ้นงาน),Microsoft PowerPoint,2021
MICROSOFT00321,ไมโครซอฟท์ เอ็กซ์เซลล์ (โปรแกรมการคำนวณ),Microsoft Excel,2021
MICROSOFT00320,ไมโครซอฟท์ เวิร์ด (โปรแกรมประมวลผลคำเพื่องานเอกสาร),Microsoft Word,2021
MICROSOFT00319,ทักษะความเข้าใจ การใช้เทคโนโลยีดิจิทัล และความมั่นคงปลอดภัยทางไซเบอร์,Digital Literacy and Cyber Security,2021
MFU00318,การนวดสุคนธบำบัด,Aromatherapy Massage,2020
MFU00317,การจัดการท่องเที่ยวเพื่อความสนใจพิเศษ,Special Interest Tourism,2021
KUJ00313,เรียน “ญี่ปุ่นปัจจุบัน” ผ่านระบบ e-learning,“Japan Affairs” using e-learning,2020
KU00312,ปัญหาพิเศษ,Special Problems,2022
KU00311,การออกแบบและพัฒนาสื่อดิจิทัลและนวัตกรรมเพื่อการเรียนรู้,Instructional Innovation and Media Design and Development,2022
KU00309,การตรวจสอบคุณภาพของเครื่องมือวัดและประเมินผล,Validation of Measurement and Evaluation Tools,2020
KU00308,จากแนวคิดวิจัยสู่การปฏิบัติ,Research Concepts to Practice,2020
KU00307,ภาษาอังกฤษฟัง-พูดเชิงวิชาการสำหรับบัณฑิตศึกษา,Academic English Listening and Speaking Skills for Graduate Program,2020
KU00306,ภาษาอังกฤษอ่าน-เขียนเชิงวิชาการสำหรับบัณฑิตศึกษา,Academic Reading and Writing English for Graduate Program,2020
KU00305,นวัตกรรมและเทคโนโลยีดิจิทัลเพื่อการศึกษา,Innovation and Digital Technology for Education,2020
KU00304,เคมีทั่วไป,General Chemistry,2021
KU00303,ฟิสิกส์ทั่วไป I,General Physics I,2020
KU00302,คณิตศาสตร์วิศวกรรม II,Engineering Mathematics II,2020
KMUTT00301,การรายงานอุบัติเหตุและเหตุการณ์บนเรือ (การเขียนรายงาน),What happened? (Written/Report),2023
KMUTT00300,การรายงานอุบัติเหตุและเหตุการณ์บนเรือ (การโต้ตอบบทสนทนา),What happened? (Oral),2023
KMUTT00299,การบอกทิศทางระหว่างเดินเรือ,Keep Moving,2023
KMUTT00818,การปฏิบัติงานบนเรือ,Work Task on Board,2023
KMUTT00817,การตรวจสอบ แก้ปัญหาและบำรุงรักษาเชือกเรือ,What can I do with this rope?,2023
KMUTT00296,การตรวจสอบและบำรุงรักษาสมอเรือ,"Watch out, the anchor!",2023
KMUTT00295,การสอบถามข้อมูลเรือและข้อมูลการเข้าเมือง,Welcome to Thailand (for Homeland and Coastguard Officers),2023
KMUTT00816,การต้อนรับผู้มาเยือนบนเรือสำหรับเจ้าหน้าที่ประจำเรือ,Welcome on Board (for ship officers),2023
KMUTT00293,ไพธอนเพื่อการวิเคราะห์ข้อมูลและการนำเสนอข้อมูล (ตอนที่ 2),Python for Data Analysis and Data Visualization (Part 2),2023
KMUTT00292,ไพธอนเพื่อการวิเคราะห์ข้อมูลและการนำเสนอข้อมูล (ตอนที่ 1),Python for Data Analysis and Data Visualization (Part 1),2023
KMUTT00291,ไพธอนพื้นฐานสำหรับผู้เริ่มต้น,Python for beginners,2023
KMUTT00290,เทคนิคการวิเคราะห์เบื้องต้น (ตอนที่ 2),Introduction to Analysis Techniques (Part 2),2023
KMUTT00289,เทคนิคการวิเคราะห์เบื้องต้น (ตอนที่ 1),Introduction to Analysis Techniques (Part 1),2023
KMUTT00288,พื้นฐานการนำเสนอข้อมูลด้วยภาพ,Data Visualization Foundation,2023
KMUTT00287,การวิเคราะห์ข้อมูลเบื้องต้น ด้วย โปรแกรม MS Excel,Introduction to data analytics using MS Excel,2023
KMUTT00286,สถิติพื้นฐานสำหรับการวิเคราะห์ ข้อมูล-สถิติเชิงพรรณนา,Basic Statistics for Data Analytics – Descriptive Statistics,2023
KMUTT00285,การเตรียมข้อมูล,Data Preparation,2023
KMUTT00284,กระบวนการวิเคราะห์ข้อมูลเบื้องต้น,Introduction to data analytics process,2023
KMUTT00283,การถ่ายภาพขั้นสูง,Advance Photography,2022
KMUTT00282,ระบบการเรียนรู้และการสื่อสารผ่านระบบเครือข่าย,Learning System and Communication Through Networking,2022
KMUTT00281,นวัตกรรมการเรียนรู้ในงานอาชีวศึกษา,Innovation and Technology in Vocational Education,2020
KMUTT00280,รู้รอบด้านการนำเสนอ,About the Presentation,2020
KMUTT00279,การสร้างสรรค์สื่อดิจิทัลบนเครือข่ายสังคมออนไลน์,Digital media creation on social networks,2020
KMUTT00278,เทคโนโลยีกับการเรียนรู้ของเกษตรกรดิจิทัล,Technology and learning of digital agriculture.,2020
KMUTT00277,การเขียนโปรแกรมคอมพิวเตอร์พื้นฐาน ด้วยภาษาซี 1,Fundamentals of the C Programming Language I,2020
KMUTT00276,หุ่นยนต์เคลื่อนที่ขนาดเล็กควบคุม ด้วยไมโครคอนโทรลเลอร์,A small mobile robot controlled by a microcontroller,2020
KMUTT00275,การศึกษาที่เน้นผลลัพธ์การเรียนรู้,Outcome based education,2020
KMUTT00274,การถ่ายภาพทางอากาศยานโดยอากาศยานไร้คนขับ (โดรน),Aerial Photography by Drone,2020
KMUTT00273,การถ่ายภาพขั้นสูงเพื่องานโฆษณา,Advanced Photography for Advertising,2020
KMUTT00272,การผลิตรายการโทรทัศน์,Television Program Production,2020
KMUTT00271,การออกแบบกราฟิกโดยใช้คอมพิวเตอร์,Computer Based Graphics Design,2020
KMUTT00270,การออกแบบสื่อเพื่อการโฆษณา,Media Design for Advertising,2020
KMUTT00269,แอนิเมชั่น 3 มิติ ขั้นเริ่มต้น-ขั้นกลาง,3ds Animation Foundation,2020
KMUTT00268,ปรัชญาอาชีวศึกษาและความเป็นครู,Philosophy of Vocational Education and Teaching Professionalism,2020
KMUTT00267,เทคโนโลยีระบบรางและการจัดการการขนส่ง,Railway Technology and Transportation Management,2020
KMUTT00266,การออกแบบวงจรลำดับ,Sequential Circuit Design,2020
KMUTT00265,การอ่านแบบ เขียนแบบทางวิศวกรรมโยธา,Civil Engineering Drawing and Reading,2020
KMUTNB00264,เทคโนโลยีซ่อมบำรุงโรงงาน,Plant Maintenance Technology,2020
KMUTNB00263,การสร้างนวัตกรรมทางการศึกษาด้วยเทคโนโลยี Augmented Reality (AR),Developing Educational Innovation with Augmented Reality,2020
KMITL00262,การท่องเที่ยวโดยชุมชน,Community Based Tourism,2020
KMITL00261,การจัดการเลี้ยงดูสัตว์เลี้ยงสวยงาม,Pet Management,2020
KMITL00260,การเพาะเลี้ยงสาหร่ายสู่ธุรกิจเงินล้าน,Algal Cultivation,2020
KMITL00259,โมชั่นกราฟิกพื้นฐาน,Foundation of Motion Graphic,2020
KMITL00258,การผลิตหนังสั้น,Short Film Production,2020
KMITL00257,การถ่ายภาพด้วยเทคนิคสร้างสรรค์,Creative Photography,2020
KMITL00256,การถ่ายภาพบุคคล,Portrait Photography,2020
KMITL00255,การเลี้ยงสัตว์เบื้องต้น,Principle of Animal Husbandry,2020
KMITL00254,การปลูกพืชเบื้องต้น,Principle of Crop Production,2020
KMITL00253,หลักเศรษฐศาสตร์เกษตร,Principles of Agricultural Economics,2020
KMITL00252,หลักและวิธีการส่งเสริมการเกษตร,Principles of Agricultural Extension,2020
KMITL00251,คอมพิวเตอร์เพื่อการพูดและการนำเสนอ,Computer for Speech and Presentations,2020
KMITL00250,สร้างสรรค์สื่อวีดิทัศน์ยุคใหม่,Creative Video Production,2020
KMITL00249,การถ่ายภาพเบื้องต้น,Basic Photography,2020
KKU00803,นวัตกรรมและเทคโนโลยีสารสนเทศเพื่อการเรียนรู้,Innovation and Information Technology for Learning,2021
KKU00248,ทักษะคอมพิวเตอร์และเทคโนโลยีสารสนเทศและการสื่อสาร,Computer and ICT literacy Skills,2021
KKU00247,ทักษะการเรียนรู้,Learning skills,2021
KKU00246,การออกแบบและพัฒนาสิ่งแวดล้อมทางการเรียนรู้สำหรับการเรียนรู้ยุคใหม่,Design and Development of Learning Environment for Learning a New Era,2021
KKU00245,การออกแบบและผลิตสื่อมัลติมีเดียการศึกษา,Design and Production of Multimedia Education,2021
KKU00244,การผลิตวรรณกรรมสำหรับเด็กและเยาวชน generation ใหม่,Production of Children and Youth Literature for New Generation,2021
KKU00243,เทคโนโลยีอาหารและกระบวนการผลิตยุคใหม่,Food Technology & Processing in New Era,2021
KKU00242,นวัตกรรม และเทคโนโลยีสารสนเทศอุบัติใหม่ทางการศึกษา,Innovation and Emerging Information Technological Education,2021
KKU00241,วิธีการสอนโดยใช้เทคโนโลยีอุบัติใหม่เป็นฐานสำหรับการศึกษาในศตวรรษที่ 21,Technology-based Emerging Padagogy for 21st century Education,2021
KKU00240,โปรแกรมคอมพิวเตอร์และขั้นตอนวิธีทางคอมพิวเตอร์,Computer Programming and Algorithms,2021
KKU00239,การจัดการเทคโนโลยีสารสนเทศทางการเกษตรร่วมสมัย,Information Technology Management in Contemporary Agriculture,2021
KKU00238,เทคโนโลยีคอมพิวเตอร์และการจัดการสารสนเทศเพื่อสังคมและเศรษฐกิจ,Computer Technology and Information Management for Society and Economics,2021
KKU00237,ภาษาอังกฤษสำหรับเทคโนโลยีสารสนเทศ,English for information technology,2021
IPST00227,Coding for All - ฉลาดคิด พิชิตยุคดิจิทัล,Coding for All - Thinking smart toward the digital age,2023
IHPP00226,การขึ้นทะเบียนยาสามัญในต่างประเทศ,Common Technical Document (CTD) of Generic Drug Registration in the international countries,2022
ICCS00214,ชีวิตและการสร้างคุณค่า,Life and Value Creation,2024
ICCS00199,กระบวนการคิดเชิงออกแบบกับการพัฒนาทักษะการเรียนรู้ในศตวรรษที่ 21,Design thinking and 21st Century Learning Skills Development,2023
ICCS00198,ชุมชนแห่งความยั่งยืน,Sustainable community,2023
ICCS00197,วิทยาลัยชุมชนกับการเป็นพลเมือง,Community Colleges and Ctitzenship,2023
ICCS00196,ทักษะการสื่อสารภาษาอังกฤษ,English Communication Skills,2021
ICCS00195,การเข้าใจดิจิทัล,Digital Literacy,2021
ICCS00194,ภาษาไทยเพื่อการพัฒนาปัญญา,Thai for Intellectual Development,2021
HU00193,พื้นฐาน Internet of Things (IoT),Basic Internet of Things (IoT),2020
HU00192,ขนมไทยพื้นบ้านภาคใต้,Southern Thailand’s traditional dessert,2020
HU00191,การพัฒนาเส้นทางการท่องเที่ยวเชิงสร้างสรรค์,Creative Tourism Route Development,2020
HU00190,ภาษาอังกฤษสำหรับธุรกิจโรงแรม,English for Hotel Business,2020
HU00189,กฎหมายอาญา:ภาคทั่วไป,Criminal: General,2020
HU00188,เทคโนโลยีฮาร์ดแวร์และซอฟท์แวร์ระบบ,Technology Hardware and System Software,2020
HU00187,หลักการใช้ภาษาไทยสำหรับครู,Thai Grammar for Teachers,2020
HU00186,เศรษฐกิจพอเพียง,Sufficiency Economy,2020
EDF00185,การผลิตสื่อออนไลน์คณิตศาสตร์สำหรับผู้บกพร่องทางการมองเห็น,Mathematics online media production for the visually impaired,2023
EAU00184,อาเซียนศึกษา,ASEAN Studies,2020
DRU00183,การแสดงและกำกับการแสดง,Acting and directing,2020
DPU00182,การบัญชีสำหรับผู้ประกอบการ,Accounting For Entrepreneurship,2020
DPU00181,อุตสาหกรรมการบิน,Aviation Industry,2020
DGA00179,การเปลี่ยนผ่านสู่องค์กรดิจิทัล,Digital Transformation,2020
DEPA00178,IoT ระบบน้ำอัจฉริยะสำหรับภาคการเกษตร,Let's Start Smart Farm with IoT,2020
DEPA00177,เกษตรกรยุคใหม่ต้องรู้,Smart Farmer,2020
DEPA00176,เทคโนโลยีเกษตร สำหรับคนเกษตร,Agri Tech for Smart Farmer,2020
DEPA00175,เทคโนโลยีขับเคลื่อนครัวโลก,FoodTech for Kitchen World,2020
DEPA00174,พลิกโฉมโลกด้วยดิจิทัล,Digital Transformation,2020
DEPA00173,สตาร์ทอัพ มุ่งสู่ฝัน,Startup Star,2020
DDC00172,ความรู้ในการสร้างพื้นที่ปลอดโรคพิษสุนัขบ้า,Knowledge for Rabies Free Zone,2023
DDC00170,แนวทางเวชปฏิบัติโรคพิษสุนัขบ้า,Clinical Practice Guideline for Rabies Exposure,2022
DDC00169,การเรียนรู้ออนไลน์ด้านเอชไอวี/เอดส์ สำหรับเจ้าหน้าที่ภาคสนามและแกนนำ เพื่อเข้าถึงกลุ่ม MSM/TG,E-learning for outreach workers and peers to study HIV and AIDS related knowledge,2020
DASTA00168,มาตรฐานการท่องเที่ยวโดยชุมชนอย่างยั่งยืน,Community Based Tourism Standard,2022
CU00167,วิทยาการข้อมูลและการประยุกต์ใช้,Data Science Essential and Applications,2019
CU00166,เทคโนโลยีสารสนเทศและการสื่อสารเพื่อการศึกษา,Information technology and Communication for education,2020
CU00165,การผลิตสื่ออีเลิร์นนิงเพื่อการศึกษา,e-Learning Production for Education,2020
CU00164,การออกแบบการเรียนการสอนผ่านเว็บ,Web-Based Learning Design,2020
CU00163,การจัดการความรู้,Knowledge Management,2020
CU00162,การออกแบบสาร,Message Design,2020
CU00161,การบริการที่เป็นเลิศ,The excellent service,2020
CU00160,เทคนิคการนำเสนองานวิชาการ,Technical Academic Presentation,2020
CU00159,องค์การแห่งการเรียนรู้,Learning Organization,2020
CU00158,ระบบสารสนเทศเพื่อการบริหาร,Management Information System,2020
CU00157,การจัดทำแผนพัฒนารายบุคคล,Individual Development Plan,2020
CU00156,การคิดแก้ปัญหาเชิงสร้างสรรค์,Creative Problem Solving,2020
CU00155,การให้คำปรึกษาในงาน,Counseling,2020
CU00154,การสอนงาน,Coaching,2020
CU00153,การคิดสร้างสรรค์,Creative Thinking,2020
CU00152,การวางแผนกลยุทธ์,Strategic Planning,2020
CU00150,ง่าย สบาย กับการอธิบายกราฟเป็นภาษาอังกฤษ,Describing figures in English,2020
CU00149,สู่การเป็นนักพัฒนาเว็บ: การสร้างหน้าเว็บเบื้องต้นด้วย HTML และ CSS,Creating a Basic Web Page with HTML and CSS,2020
CU00148,การผลิตเชื้อเพลิงเหลวจากขยะพลาสติก,The production of Liquid fuel from Plastic Waste,2020
CU00147,การผลิตเชื้อเพลิงแข็งและถ่านกัมมันต์จากวัสดุเหลือทิ้งทางการเกษตร,The production of solid fuel and activated carbon from agricultural waste,2020
CU00146,นวัตกรรมการสร้างสรรค์บ้านยั่งยืน,The innovation of sustainable home,2020
CU00145,วิกฤตการณ์โลกร้อนและการแก้ปัญหา,The global warming solutions,2020
CRRU00798,ภาษาและวัฒนธรรม,Language and Culture,2020
CRRU00131,ภาษาอังกฤษสำหรับสำนักงาน,English for Office,2020
CRRU00130,ภาษาศาสตร์เบื้องต้น,Introduction to Linguistics,2020
CRRU00129,การพัฒนาระบบเตือนภัยอิเล็กทรอนิกส์,Electronic Security Development,2020
CRRU00128,แคลคูลัสพื้นฐาน,Basic Calculus,2020
CRRU00127,อาหารสำหรับผู้สูงอายุ,Food for Elders,2020
CRRU00126,ขันโตกล้านนา,Khantok Lanna Service,2020
CRRU00125,นาฏศิลป์สำหรับเด็กปฐมวัย,Dance for Young Children,2020
CRRU00124,นาฏมวยไทย,Thai Boxing Show,2020
CRRU00123,มวยไทยขั้นพื้นฐาน,Basic Muay Thai,2020
CRRU00122,การพัฒนาหุ่นยนต์เพื่อการศึกษาเบื้องต้น,Basic Educational Robotic Development,2020
CRRU00121,การใช้ Google App for Education สำหรับการจัดการห้องเรียน,Google App for Education in Classroom,2020
CRRU00120,ตกแต่งและสร้างภาพอย่างสร้างสรรค์ด้วยโปรแกรม GIMP,Creative Photo Development with GIMP,2020
CRRU00119,การออกแบบและผลิตแผ่นพับด้วยโปรแกรม Inkscape,Design with Inkscape,2020
CRRU00118,การสร้าง Mobile Application แบบไม่ต้องเขียน Code ด้วยโปรแกรม MIT App Inventor,Mobile Application Development with MIT App Inventor,2020
CRRU00117,การออกแบบภาพอนิเมชั่นด้วยโปรแกรม Blender 3D,3D Animation design with Blender 3D,2020
CRRU00116,การออกแบบสื่อสามมิติด้วยโปรแกรม Blender 3D,3D Media design with Blender 3D,2020
CPRU00114,การดูแลสุขภาวะผู้สูงอายุในศตวรรษที่ 21,Geriatric health status care in 21st century,2020
CPRU00113,ก้าวสู่การเป็นนักวิเคราะห์และออกแบบระบบมืออาชีพ,Become the Professional in Systems Analysis and Design,2020
CPRU00112,ภาษาและความรู้วัฒนธรรมสำหรับครู,Language and culture knowledge for teachers,2020
CPRU00111,เทคโนโลยีสารสนเทศเพื่อชีวิต,Information Technology for life,2020
CMU00110,การเลี้ยงผึ้งชันโรง,Meliponiculture,2020
,สุขภาพจิตกับกิจกรรมการดำเนินชีวิต เพื่อการเพิ่มประสิทธิภาพการทำงานของบุคลากรภาครัฐ,"Mental Health, Occupation for Work Capacity Building of Government Officer",2020
CMU00109,พืชพรรณสำหรับการออกแบบสวนและสภาพแวดล้อม,Plant Materials for Garden and Environmental Design,2020
CMU00108,ธรรมชาติ สุขภาพ และพฤติกรรมมนุษย์,"Nature, Health, and Behaviors",2020
CMU00107,ทักษะการสื่อสารระหว่างบุคคลในการทำงาน,Interpersonal Communication Skills in Workplace,2020
CMU00106,การพัฒนาบุคลิกภาพเพื่อเพิ่มประสิทธิภาพการทำงานของ บุคลากรภาครัฐ,Personality Development for Work Efficacy Building of Government Officer,2020
CMU00105,การดูแลแผลกดทับสำหรับผู้ป่วยนอนติดเตียง,Pressure Ulcer Management for Bedridden Patients,2020
CMU00104,การจัดการห่วงโซ่คุณค่าภาครัฐ,Public Value Chain Management,2020
CMU00103,การตรวจมะเร็งในช่องปากด้วยตนเอง,Self-Examination for Oral Cancer,2020
CMU00102,ช่องปากและฟันตรวจเองได้ง่ายนิดเดียว ฉบับทันตแพทย์สอน,Practicing for basic oral and teeth examination: By dentist,2020
CMU00101,วิทยาการข้อมูลเบื้องต้น,Introduction to Data Science,2020
CMU00100,การเขียนโปรแกรม R สำหรับวิทยาการข้อมูล,R Programming for Data Science,2020
CMU00099,คลังข้อมูล,Data Warehouse,2020
CMU00098,เทคนิคการจัดการความเครียด,Stress Management Techniques,2020
CMU00097,การจัดการวัฒนธรรมเพื่อการท่องเที่ยว,Cultural Management for Tourism,2020
CMU00096,จิตวิทยาประยุกต์ในการทำงาน เพื่อความสำเร็จ ความสุข และความมั่งคั่ง,Applied Psychology to Work through Success Happiness and Wealth,2020
CMU00095,การออกเสียงภาษาอังกฤษและสัทศาสตร์ภาษาอังกฤษเบื้องต้นสำหรับครูสอนภาษาอังกฤษ,English Pronunciation and Basic English Phonetics For English Teachers,2020
CMU00094,การสร้างความรู้สึกดีให้ตนเอง,Creation of Good Feeling for Oneself,2020
CMU00093,โปรแกรมไพทอนสำหรับวิทยาการข้อมูล,Python Programming for Data Science,2020
CMU00092,ศาสตร์เพื่อป้องกันอัตวินิบาตกรรม (การฆ่าตัวตาย),The Sciences for Suicide Prevention,2020
CMU00091,คณิตศาสตร์สำหรับวิทยาศาสตร์ข้อมูล,Mathematics for Data Science,2020
CMU00090,การออกแบบสร้างสรรค์แฟชั่นเบื้องต้น,The basic of creative fashion design,2020
CMU00089,ศาสตร์และศิลป์ของการเขียนโปรแกรมคอมพิวเตอร์,The Art and Science of Computer Programming,2020
CMU00088,การสอนแบบ Active Learning ในห้องเรียน ที่สนุกและใช้งานได้ทันที,Fun and Practical Active Learning in Classrooms,2020
CMU00087,ไอทีเพื่อการศึกษา,IT for Education,2021
CMU00086,ไอทีเพื่อการบริหารจัดการ,IT for Management,2020
CMU00085,ภาษาอังกฤษเพื่อการสื่อสาร,English for Communication,2020
CMU00084,เทคนิคการนำเสนออย่างมีประสิทธิภาพ,Effective Presentation Technique,2020
CMU00083,เทคนิคการเล่นเทนนิสเบื้องต้น,Introduction to Tennis,2020
CMU00082,อาหารนานาชาติ,International Cuisine,2020
CMU00081,อาหารล้านนา,Northern Thai Food,2020
CMU00080,การออกแบบการเรียนรู้สำหรับองค์กรภาคธุรกิจ,Course Design for Business,2020
CMU00079,การผลิตสื่อกราฟิกอย่างมืออาชีพ,Graphic Design Crash Course,2020
CMU00078,การรู้เทคโนโลยีสารสนเทศ,IT Literacy,2020
CMU00077,การรู้เท่าทันสื่อ,Media Literacy,2020
CMU00076,การรู้สารสนเทศ,Information Literacy,2020
CMU00074,จิตวิทยากับชีวิตประจำวัน,Psychology and Daily Life,2020
CMU00073,การเป็นพลเมือง,Citizenship,2020
CMU00072,การต่อต้านการทุจริตในประเทศไทย,Anti-Corruption in Thailand,2020
CMU00071,ศาสตร์และศิลป์ในการสร้างความสุข,Science and Art for Happiness Creation,2020
CMU00070,การพยาบาลผู้สูงอายุ,Gerontological Nursing,2020
CMU00069,กล้วยไม้วิทยา,Orchidology,2020
CMU00068,การถ่ายภาพรังสีภายในช่องปากทางทันตกรรม,Intra Oral Radiology in Dental Work,2020
CMRU00067,ระบบธุรกิจอัจฉริยะ,Business Intelligence,2021
CMRU00066,การวิจัยด้านเทคโนโลยีสารสนเทศทางธุรกิจ,Research in Business Information Technology,2021
CCH00065,การผ่าตัดแบบแผลเล็ก,Minimal Invasive Surgery,2022
CCH00064,การดูแลผู้ป่วยโรคปอด,Pulmonary Care,2022
CCH00063,การดูแลผู้ป่วยโรคเบาหวาน,Diabetes Care,2022
CCH00062,การเสริมสร้างศักยภาพสำหรับผู้ให้การดูแลระยะยาวแก่ผู้ป่วยภาวะสมองเสื่อม,Capacity Building for Dementia Long-term Care Giver,2021
BUU00061,การคิดเชิงระบบ,System Thinking,2020
BU00060,รู้ทันภัยไซเบอร์,Cybersecurity Awareness,2020
BRU00059,ภาษาอังกฤษพื้นฐาน,Easy English for Everyday Life,2020
BRCC00058,ปลาส้มไร้ก้าง,Boneless Plasom,2020
BCN00055,การพยาบาลมารดาทารกและผดุงครรภ์,Maternal and Newborn Nursing and Midwifery,2020
AAT00054,การผลิตสื่อโฆษณาที่ปลอดภัยและสร้างสรรค์ : ความคาดหวังของสังคมต่อโฆษณา,Ethical and Creative Online Advertising : Society's Expectation of Advertising,2020
AAT00053,การผลิตสื่อโฆษณาที่ปลอดภัยและสร้างสรรค์ : โฆษณาสร้างสรรค์,Ethical and Creative Online Advertising : Creative Advertising,2020
AAT00052,การผลิตสื่อโฆษณาที่ปลอดภัยและสร้างสรรค์ : โฆษณาปลอดภัย,"Ethical and Creative Online Advertising : Legal, Ethics, and Professional Responsibility",2020
AAT00051,การผลิตสื่อโฆษณาที่ปลอดภัยและสร้างสรรค์ : การสื่อสารโฆษณา,Ethical and Creative Online Advertising: Advertising as Communication Tool,2020
SPU00589,เครื่องมือ Cloud-Based ศตวรรษ 21 เพื่อชีวิตประจำวัน,21st Century Cloud-Based Tools for everyday life,2020
SPU00591,การบริการผู้โดยสารบนเครื่องบิน,Inflight Service Learning (According to the Occupation Standard and Professional Qualifications framework),2019
SPU00593,กลยุทธ์ต้นทุนพิชิตกําไร,The Ultimate Profit Strategy,2020
SPU00592,เทคโนโลยีเสริมการสอน ในยุค Digital,Technology Enhanced Learning for Digital era,2020
NU00420,การเงินส่วนบุคคล,Personal Finance,2020